State,County,All,Yes,No
Alabama,All,9943,4482.0,5461.0
Alabama,Autauga County,67,45.0,22.0
Alabama,Baldwin County,738,401.0,337.0
Alabama,Barbour County,11,5.0,6.0
Alabama,Bibb County,14,13.0,1.0
Alabama,Blount County,43,15.0,28.0
Alabama,Bullock County,8,4.0,4.0
Alabama,Butler County,22,16.0,6.0
Alabama,Calhoun County,109,31.0,78.0
Alabama,Chambers County,41,33.0,8.0
Alabama,Cherokee County,22,8.0,14.0
Alabama,Chilton County,342,217.0,125.0
Alabama,Clarke County,10,6.0,4.0
Alabama,Clay County,12,2.0,10.0
Alabama,Cleburne County,9,4.0,5.0
Alabama,Coffee County,186,140.0,46.0
Alabama,Colbert County,11,,11.0
Alabama,Conecuh County,3,3.0,
Alabama,Coosa County,19,15.0,4.0
Alabama,Covington County,22,15.0,7.0
Alabama,Crenshaw County,5,5.0,
Alabama,Cullman County,187,82.0,105.0
Alabama,Dale County,115,65.0,50.0
Alabama,Dallas County,70,41.0,29.0
Alabama,DeKalb County,256,113.0,143.0
Alabama,Elmore County,89,55.0,34.0
Alabama,Escambia County,26,9.0,17.0
Alabama,Etowah County,413,273.0,140.0
Alabama,Fayette County,5,3.0,2.0
Alabama,Franklin County,87,5.0,82.0
Alabama,Geneva County,61,48.0,13.0
Alabama,Hale County,46,18.0,28.0
Alabama,Henry County,13,8.0,5.0
Alabama,Houston County,187,109.0,78.0
Alabama,Jackson County,123,23.0,100.0
Alabama,Jefferson County,508,41.0,467.0
Alabama,Lamar County,6,3.0,3.0
Alabama,Lauderdale County,91,35.0,56.0
Alabama,Lawrence County,32,8.0,24.0
Alabama,Lee County,348,200.0,148.0
Alabama,Limestone County,356,131.0,225.0
Alabama,Lowndes County,2,1.0,1.0
Alabama,Macon County,8,6.0,2.0
Alabama,Madison County,664,309.0,355.0
Alabama,Marengo County,1,1.0,
Alabama,Marion County,30,6.0,24.0
Alabama,Marshall County,431,161.0,270.0
Alabama,Mobile County,482,299.0,183.0
Alabama,Montgomery County,1199,581.0,618.0
Alabama,Morgan County,355,67.0,288.0
Alabama,Pickens County,331,220.0,111.0
Alabama,Pike County,16,11.0,5.0
Alabama,Randolph County,21,14.0,7.0
Alabama,Russell County,47,26.0,21.0
Alabama,Shelby County,288,34.0,254.0
Alabama,St. Clair County,40,1.0,39.0
Alabama,Talladega County,783,332.0,451.0
Alabama,Tallapoosa County,191,127.0,64.0
Alabama,Tuscaloosa County,285,30.0,255.0
Alabama,Walker County,30,,30.0
Alabama,Washington County,8,4.0,4.0
Alabama,Wilcox County,5,4.0,1.0
Alabama,Winston County,13,,13.0
Alaska,Aleutians West Census Area,7,3.0,4.0
Alaska,Anchorage Borough,832,261.0,571.0
Alaska,Fairbanks North Star Borough,22,10.0,12.0
Alaska,Juneau Borough,17,9.0,8.0
Alaska,Kenai Peninsula Borough,15,5.0,10.0
Alaska,Ketchikan Gateway Borough,12,3.0,9.0
Alaska,Kodiak Island Borough,9,2.0,7.0
Alaska,Matanuska-Susitna Borough,31,15.0,16.0
Alaska,Nome Census Area,1,1.0,
Arizona,All,97414,64910.0,32504.0
Arizona,Apache County,132,96.0,36.0
Arizona,Cochise County,444,208.0,236.0
Arizona,Coconino County,1033,797.0,236.0
Arizona,Gila County,300,126.0,174.0
Arizona,Graham County,1115,411.0,704.0
Arizona,Greenlee County,4,2.0,2.0
Arizona,La Paz County,172,119.0,53.0
Arizona,Maricopa County,76166,53043.0,23123.0
Arizona,Mohave County,599,418.0,181.0
Arizona,Navajo County,798,622.0,176.0
Arizona,Pima County,9982,5754.0,4228.0
Arizona,Pinal County,3869,1622.0,2247.0
Arizona,Santa Cruz County,562,244.0,318.0
Arizona,Yavapai County,1759,1207.0,552.0
Arizona,Yuma County,479,241.0,238.0
Arkansas,All,9584,3545.0,6039.0
Arkansas,Arkansas County,74,17.0,57.0
Arkansas,Ashley County,46,6.0,40.0
Arkansas,Baxter County,29,9.0,20.0
Arkansas,Benton County,1196,764.0,432.0
Arkansas,Boone County,24,11.0,13.0
Arkansas,Calhoun County,2,1.0,1.0
Arkansas,Carroll County,231,86.0,145.0
Arkansas,Chicot County,24,7.0,17.0
Arkansas,Clark County,31,17.0,14.0
Arkansas,Clay County,14,3.0,11.0
Arkansas,Cleburne County,59,19.0,40.0
Arkansas,Cleveland County,17,1.0,16.0
Arkansas,Columbia County,14,6.0,8.0
Arkansas,Conway County,17,4.0,13.0
Arkansas,Craighead County,386,137.0,249.0
Arkansas,Crawford County,152,44.0,108.0
Arkansas,Crittenden County,44,13.0,31.0
Arkansas,Dallas County,42,11.0,31.0
Arkansas,Desha County,1,1.0,
Arkansas,Drew County,13,4.0,9.0
Arkansas,Faulkner County,151,67.0,84.0
Arkansas,Franklin County,36,2.0,34.0
Arkansas,Garland County,109,44.0,65.0
Arkansas,Grant County,7,3.0,4.0
Arkansas,Greene County,8,5.0,3.0
Arkansas,Hempstead County,164,35.0,129.0
Arkansas,Hot Spring County,17,2.0,15.0
Arkansas,Howard County,56,26.0,30.0
Arkansas,Independence County,75,23.0,52.0
Arkansas,Izard County,16,6.0,10.0
Arkansas,Jackson County,117,41.0,76.0
Arkansas,Jefferson County,133,31.0,102.0
Arkansas,Johnson County,164,42.0,122.0
Arkansas,Lafayette County,5,2.0,3.0
Arkansas,Lawrence County,5,,5.0
Arkansas,Lee County,16,4.0,12.0
Arkansas,Lincoln County,145,43.0,102.0
Arkansas,Logan County,12,3.0,9.0
Arkansas,Lonoke County,67,22.0,45.0
Arkansas,Madison County,10,7.0,3.0
Arkansas,Marion County,7,2.0,5.0
Arkansas,Miller County,59,18.0,41.0
Arkansas,Mississippi County,45,8.0,37.0
Arkansas,Monroe County,6,2.0,4.0
Arkansas,Montgomery County,11,3.0,8.0
Arkansas,Nevada County,40,22.0,18.0
Arkansas,Ouachita County,6,,6.0
Arkansas,Perry County,12,7.0,5.0
Arkansas,Phillips County,2,,2.0
Arkansas,Pike County,56,20.0,36.0
Arkansas,Poinsett County,11,2.0,9.0
Arkansas,Polk County,45,16.0,29.0
Arkansas,Pope County,127,36.0,91.0
Arkansas,Prairie County,3,1.0,2.0
Arkansas,Pulaski County,851,369.0,482.0
Arkansas,Randolph County,2,1.0,1.0
Arkansas,Saline County,706,232.0,474.0
Arkansas,Scott County,44,13.0,31.0
Arkansas,Searcy County,2,,2.0
Arkansas,Sebastian County,785,225.0,560.0
Arkansas,Sevier County,294,61.0,233.0
Arkansas,Sharp County,6,3.0,3.0
Arkansas,St. Francis County,1471,303.0,1168.0
Arkansas,Stone County,15,10.0,5.0
Arkansas,Union County,78,16.0,62.0
Arkansas,Van Buren County,9,,9.0
Arkansas,Washington County,1058,556.0,502.0
Arkansas,White County,103,49.0,54.0
Arkansas,Woodruff County,1,1.0,
California,Alameda County,15203,10417.0,4786.0
California,All,440034,255245.0,184789.0
California,Amador County,608,175.0,433.0
California,Butte County,600,284.0,316.0
California,Calaveras County,161,104.0,57.0
California,Colusa County,681,453.0,228.0
California,Contra Costa County,5422,2988.0,2434.0
California,Del Norte County,388,62.0,326.0
California,El Dorado County,1511,1114.0,397.0
California,Fresno County,10461,5387.0,5074.0
California,Glenn County,625,417.0,208.0
California,Humboldt County,784,419.0,365.0
California,Imperial County,16797,4655.0,12142.0
California,Inyo County,150,84.0,66.0
California,Kern County,51206,26214.0,24992.0
California,Kings County,6062,2865.0,3197.0
California,Lake County,353,164.0,189.0
California,Lassen County,3159,1101.0,2058.0
California,Los Angeles County,85944,48093.0,37851.0
California,Madera County,4730,2865.0,1865.0
California,Marin County,7255,3910.0,3345.0
California,Mariposa County,82,40.0,42.0
California,Mendocino County,1074,609.0,465.0
California,Merced County,3766,2016.0,1750.0
California,Modoc County,76,40.0,36.0
California,Mono County,162,89.0,73.0
California,Monterey County,9766,5194.0,4572.0
California,Napa County,2799,1683.0,1116.0
California,Nevada County,592,376.0,216.0
California,Orange County,29769,19759.0,10010.0
California,Placer County,1212,778.0,434.0
California,Plumas County,40,21.0,19.0
California,Riverside County,15176,9241.0,5935.0
California,Sacramento County,10396,6512.0,3884.0
California,San Benito County,534,272.0,262.0
California,San Bernardino County,22495,15055.0,7440.0
California,San Diego County,32180,25382.0,6798.0
California,San Francisco County,8908,5117.0,3791.0
California,San Joaquin County,8545,4433.0,4112.0
California,San Luis Obispo County,5273,3086.0,2187.0
California,San Mateo County,8347,5588.0,2759.0
California,Santa Barbara County,13996,9132.0,4864.0
California,Santa Clara County,12754,5188.0,7566.0
California,Santa Cruz County,1510,791.0,719.0
California,Shasta County,374,186.0,188.0
California,Sierra County,9,6.0,3.0
California,Siskiyou County,145,95.0,50.0
California,Solano County,2883,1623.0,1260.0
California,Sonoma County,7174,4211.0,2963.0
California,Stanislaus County,5016,2995.0,2021.0
California,Sutter County,1040,660.0,380.0
California,Tehama County,772,426.0,346.0
California,Trinity County,142,85.0,57.0
California,Tulare County,5574,3017.0,2557.0
California,Tuolumne County,915,397.0,518.0
California,Ventura County,11853,7643.0,4210.0
California,Yolo County,1539,1012.0,527.0
California,Yuba County,1046,716.0,330.0
Colorado,Adams County,5130,3999.0,1131.0
Colorado,Alamosa County,144,111.0,33.0
Colorado,All,50994,33207.0,17787.0
Colorado,Arapahoe County,9877,7586.0,2291.0
Colorado,Archuleta County,43,32.0,11.0
Colorado,Baca County,15,7.0,8.0
Colorado,Bent County,20,14.0,6.0
Colorado,Boulder County,1235,954.0,281.0
Colorado,Broomfield County,588,469.0,119.0
Colorado,Chaffee County,70,52.0,18.0
Colorado,Cheyenne County,8,6.0,2.0
Colorado,Clear Creek County,124,94.0,30.0
Colorado,Conejos County,26,13.0,13.0
Colorado,Costilla County,17,13.0,4.0
Colorado,Crowley County,7,6.0,1.0
Colorado,Custer County,3,1.0,2.0
Colorado,Delta County,140,84.0,56.0
Colorado,Denver County,7230,4304.0,2926.0
Colorado,Douglas County,1233,947.0,286.0
Colorado,Eagle County,963,563.0,400.0
Colorado,El Paso County,6508,3073.0,3435.0
Colorado,Elbert County,155,135.0,20.0
Colorado,Fremont County,1213,688.0,525.0
Colorado,Garfield County,4253,2420.0,1833.0
Colorado,Gilpin County,278,234.0,44.0
Colorado,Grand County,167,94.0,73.0
Colorado,Gunnison County,203,165.0,38.0
Colorado,Huerfano County,26,17.0,9.0
Colorado,Jackson County,3,2.0,1.0
Colorado,Jefferson County,2394,1665.0,729.0
Colorado,Kiowa County,1,,1.0
Colorado,Kit Carson County,65,53.0,12.0
Colorado,La Plata County,333,213.0,120.0
Colorado,Lake County,382,262.0,120.0
Colorado,Larimer County,1088,794.0,294.0
Colorado,Las Animas County,103,61.0,42.0
Colorado,Lincoln County,79,44.0,35.0
Colorado,Logan County,96,55.0,41.0
Colorado,Mesa County,757,531.0,226.0
Colorado,Moffat County,160,109.0,51.0
Colorado,Montezuma County,146,105.0,41.0
Colorado,Montrose County,743,481.0,262.0
Colorado,Morgan County,384,198.0,186.0
Colorado,Otero County,117,66.0,51.0
Colorado,Park County,44,28.0,16.0
Colorado,Pitkin County,98,65.0,33.0
Colorado,Prowers County,147,93.0,54.0
Colorado,Pueblo County,638,274.0,364.0
Colorado,Rio Blanco County,176,138.0,38.0
Colorado,Rio Grande County,102,68.0,34.0
Colorado,Routt County,191,116.0,75.0
Colorado,Saguache County,89,70.0,19.0
Colorado,San Miguel County,132,93.0,39.0
Colorado,Sedgwick County,14,8.0,6.0
Colorado,Summit County,514,336.0,178.0
Colorado,Teller County,58,26.0,32.0
Colorado,Washington County,119,82.0,37.0
Colorado,Weld County,1938,992.0,946.0
Colorado,Yuma County,207,98.0,109.0
Connecticut,All,6718,4061.0,2657.0
Connecticut,Fairfield County,3762,2035.0,1727.0
Connecticut,Hartford County,1585,1097.0,488.0
Connecticut,New Haven County,524,308.0,216.0
Connecticut,New London County,394,272.0,122.0
Connecticut,Tolland County,358,280.0,78.0
Connecticut,Windham County,95,69.0,26.0
Delaware,All,2450,1738.0,712.0
Delaware,Kent County,211,126.0,85.0
Delaware,New Castle County,881,702.0,179.0
Delaware,Sussex County,1358,910.0,448.0
District of Columbia,All,983,429.0,554.0
District of Columbia,District of Columbia,983,429.0,554.0
Florida,Alachua County,537,305.0,232.0
Florida,All,89081,51276.0,37805.0
Florida,Baker County,85,45.0,40.0
Florida,Bay County,358,218.0,140.0
Florida,Bradford County,50,27.0,23.0
Florida,Brevard County,819,512.0,307.0
Florida,Broward County,5332,3245.0,2087.0
Florida,Calhoun County,52,28.0,24.0
Florida,Charlotte County,320,132.0,188.0
Florida,Citrus County,42,22.0,20.0
Florida,Clay County,430,263.0,167.0
Florida,Collier County,6356,5259.0,1097.0
Florida,Columbia County,116,58.0,58.0
Florida,DeSoto County,533,309.0,224.0
Florida,Dixie County,25,20.0,5.0
Florida,Duval County,2511,1920.0,591.0
Florida,Escambia County,415,214.0,201.0
Florida,Flagler County,141,92.0,49.0
Florida,Franklin County,10,9.0,1.0
Florida,Gadsden County,144,101.0,43.0
Florida,Gilchrist County,54,33.0,21.0
Florida,Glades County,93,51.0,42.0
Florida,Gulf County,31,11.0,20.0
Florida,Hamilton County,108,59.0,49.0
Florida,Hardee County,353,228.0,125.0
Florida,Hendry County,642,402.0,240.0
Florida,Hernando County,203,99.0,104.0
Florida,Highlands County,483,372.0,111.0
Florida,Hillsborough County,5162,2766.0,2396.0
Florida,Holmes County,21,9.0,12.0
Florida,Indian River County,727,510.0,217.0
Florida,Jackson County,344,187.0,157.0
Florida,Jefferson County,9,4.0,5.0
Florida,Lafayette County,34,16.0,18.0
Florida,Lake County,623,362.0,261.0
Florida,Lee County,2625,1626.0,999.0
Florida,Leon County,8886,4604.0,4282.0
Florida,Levy County,189,115.0,74.0
Florida,Liberty County,17,11.0,6.0
Florida,Madison County,36,18.0,18.0
Florida,Manatee County,1478,801.0,677.0
Florida,Marion County,2119,1110.0,1009.0
Florida,Martin County,1427,1033.0,394.0
Florida,Miami-Dade County,17377,9222.0,8155.0
Florida,Monroe County,378,159.0,219.0
Florida,Nassau County,311,165.0,146.0
Florida,Okaloosa County,1050,483.0,567.0
Florida,Okeechobee County,429,297.0,132.0
Florida,Orange County,5536,2810.0,2726.0
Florida,Osceola County,1085,473.0,612.0
Florida,Palm Beach County,5781,3921.0,1860.0
Florida,Pasco County,1161,602.0,559.0
Florida,Pinellas County,2123,1200.0,923.0
Florida,Polk County,2081,1250.0,831.0
Florida,Putnam County,121,74.0,47.0
Florida,Santa Rosa County,110,56.0,54.0
Florida,Sarasota County,1308,604.0,704.0
Florida,Seminole County,849,544.0,305.0
Florida,St. Johns County,242,141.0,101.0
Florida,St. Lucie County,980,545.0,435.0
Florida,Sumter County,2240,1031.0,1209.0
Florida,Suwannee County,186,135.0,51.0
Florida,Taylor County,22,7.0,15.0
Florida,Union County,70,21.0,49.0
Florida,Unknown County,989,14.0,975.0
Florida,Volusia County,417,182.0,235.0
Florida,Wakulla County,42,24.0,18.0
Florida,Walton County,262,130.0,132.0
Florida,Washington County,23,15.0,8.0
Georgia,All,75479,43128.0,32351.0
Georgia,Appling County,155,81.0,74.0
Georgia,Atkinson County,154,97.0,57.0
Georgia,Bacon County,34,9.0,25.0
Georgia,Baldwin County,38,16.0,22.0
Georgia,Banks County,51,24.0,27.0
Georgia,Barrow County,179,72.0,107.0
Georgia,Bartow County,535,197.0,338.0
Georgia,Berrien County,33,7.0,26.0
Georgia,Bibb County,430,138.0,292.0
Georgia,Bleckley County,25,6.0,19.0
Georgia,Brantley County,10,4.0,6.0
Georgia,Brooks County,129,76.0,53.0
Georgia,Bryan County,40,21.0,19.0
Georgia,Bulloch County,156,58.0,98.0
Georgia,Burke County,31,18.0,13.0
Georgia,Butts County,228,80.0,148.0
Georgia,Calhoun County,3,1.0,2.0
Georgia,Camden County,48,28.0,20.0
Georgia,Candler County,25,7.0,18.0
Georgia,Carroll County,247,127.0,120.0
Georgia,Catoosa County,60,25.0,35.0
Georgia,Charlton County,3740,2334.0,1406.0
Georgia,Chatham County,681,301.0,380.0
Georgia,Chattahoochee County,19,1.0,18.0
Georgia,Chattooga County,32,10.0,22.0
Georgia,Cherokee County,1129,515.0,614.0
Georgia,Clarke County,490,141.0,349.0
Georgia,Clay County,55,25.0,30.0
Georgia,Clayton County,3321,1411.0,1910.0
Georgia,Clinch County,5,1.0,4.0
Georgia,Cobb County,8254,5451.0,2803.0
Georgia,Coffee County,190,78.0,112.0
Georgia,Colquitt County,309,110.0,199.0
Georgia,Columbia County,158,64.0,94.0
Georgia,Cook County,96,21.0,75.0
Georgia,Coweta County,415,203.0,212.0
Georgia,Crawford County,5,2.0,3.0
Georgia,Crisp County,255,70.0,185.0
Georgia,Dawson County,140,70.0,70.0
Georgia,DeKalb County,6563,2823.0,3740.0
Georgia,Decatur County,34,7.0,27.0
Georgia,Dodge County,43,13.0,30.0
Georgia,Dooly County,94,27.0,67.0
Georgia,Dougherty County,259,111.0,148.0
Georgia,Douglas County,495,233.0,262.0
Georgia,Early County,17,4.0,13.0
Georgia,Echols County,19,14.0,5.0
Georgia,Effingham County,19,5.0,14.0
Georgia,Elbert County,44,24.0,20.0
Georgia,Emanuel County,29,17.0,12.0
Georgia,Evans County,40,22.0,18.0
Georgia,Fannin County,22,8.0,14.0
Georgia,Fayette County,413,181.0,232.0
Georgia,Floyd County,467,197.0,270.0
Georgia,Forsyth County,718,324.0,394.0
Georgia,Fulton County,9291,4231.0,5060.0
Georgia,Glynn County,347,186.0,161.0
Georgia,Gordon County,264,109.0,155.0
Georgia,Grady County,75,5.0,70.0
Georgia,Greene County,45,19.0,26.0
Georgia,Gwinnett County,14659,11763.0,2896.0
Georgia,Habersham County,162,81.0,81.0
Georgia,Hall County,3994,3349.0,645.0
Georgia,Hancock County,1,,1.0
Georgia,Haralson County,20,8.0,12.0
Georgia,Harris County,176,90.0,86.0
Georgia,Hart County,10,3.0,7.0
Georgia,Heard County,8,5.0,3.0
Georgia,Henry County,390,167.0,223.0
Georgia,Houston County,554,162.0,392.0
Georgia,Irwin County,86,65.0,21.0
Georgia,Jackson County,142,69.0,73.0
Georgia,Jasper County,15,4.0,11.0
Georgia,Jeff Davis County,370,205.0,165.0
Georgia,Jefferson County,17,5.0,12.0
Georgia,Jenkins County,2,,2.0
Georgia,Johnson County,3,,3.0
Georgia,Jones County,13,5.0,8.0
Georgia,Lamar County,30,20.0,10.0
Georgia,Lanier County,52,45.0,7.0
Georgia,Laurens County,58,20.0,38.0
Georgia,Lee County,76,29.0,47.0
Georgia,Liberty County,31,10.0,21.0
Georgia,Lincoln County,6,2.0,4.0
Georgia,Long County,21,6.0,15.0
Georgia,Lowndes County,322,37.0,285.0
Georgia,Lumpkin County,46,16.0,30.0
Georgia,Macon County,10,,10.0
Georgia,Madison County,35,11.0,24.0
Georgia,Marion County,17,2.0,15.0
Georgia,McDuffie County,10,5.0,5.0
Georgia,McIntosh County,56,20.0,36.0
Georgia,Meriwether County,7,3.0,4.0
Georgia,Miller County,6,2.0,4.0
Georgia,Mitchell County,20,3.0,17.0
Georgia,Monroe County,42,21.0,21.0
Georgia,Montgomery County,13,2.0,11.0
Georgia,Morgan County,39,17.0,22.0
Georgia,Murray County,67,23.0,44.0
Georgia,Muscogee County,335,37.0,298.0
Georgia,Newton County,185,81.0,104.0
Georgia,Oconee County,37,14.0,23.0
Georgia,Oglethorpe County,8,4.0,4.0
Georgia,Paulding County,101,44.0,57.0
Georgia,Peach County,42,11.0,31.0
Georgia,Pickens County,38,13.0,25.0
Georgia,Pierce County,43,21.0,22.0
Georgia,Pike County,23,12.0,11.0
Georgia,Polk County,178,88.0,90.0
Georgia,Pulaski County,21,7.0,14.0
Georgia,Putnam County,67,31.0,36.0
Georgia,Rabun County,83,27.0,56.0
Georgia,Randolph County,7,1.0,6.0
Georgia,Richmond County,286,137.0,149.0
Georgia,Rockdale County,570,278.0,292.0
Georgia,Schley County,2,1.0,1.0
Georgia,Screven County,2,,2.0
Georgia,Seminole County,48,9.0,39.0
Georgia,Spalding County,61,22.0,39.0
Georgia,Stephens County,16,6.0,10.0
Georgia,Stewart County,163,86.0,77.0
Georgia,Sumter County,148,53.0,95.0
Georgia,Talbot County,1,1.0,
Georgia,Taliaferro County,1,,1.0
Georgia,Tattnall County,81,44.0,37.0
Georgia,Taylor County,9,5.0,4.0
Georgia,Telfair County,5914,2559.0,3355.0
Georgia,Terrell County,4,2.0,2.0
Georgia,Thomas County,39,2.0,37.0
Georgia,Tift County,135,12.0,123.0
Georgia,Toombs County,108,47.0,61.0
Georgia,Towns County,17,6.0,11.0
Georgia,Treutlen County,6,2.0,4.0
Georgia,Troup County,165,58.0,107.0
Georgia,Turner County,44,2.0,42.0
Georgia,Twiggs County,49,15.0,34.0
Georgia,Union County,41,11.0,30.0
Georgia,Upson County,15,2.0,13.0
Georgia,Walker County,30,12.0,18.0
Georgia,Walton County,89,33.0,56.0
Georgia,Ware County,68,32.0,36.0
Georgia,Washington County,10,2.0,8.0
Georgia,Wayne County,642,354.0,288.0
Georgia,Wheeler County,17,8.0,9.0
Georgia,White County,16,10.0,6.0
Georgia,Whitfield County,2687,2215.0,472.0
Georgia,Wilcox County,31,12.0,19.0
Georgia,Wilkes County,5,1.0,4.0
Georgia,Wilkinson County,4,2.0,2.0
Georgia,Worth County,6,2.0,4.0
Guam,All,704,288.0,416.0
Guam,Guam,704,288.0,416.0
Hawaii,All,1144,543.0,601.0
Hawaii,Hawaii County,139,73.0,66.0
Hawaii,Honolulu County,808,355.0,453.0
Hawaii,Kauai County,15,6.0,9.0
Hawaii,Maui County,182,109.0,73.0
Idaho,Ada County,1946,976.0,970.0
Idaho,Adams County,13,8.0,5.0
Idaho,All,11030,7791.0,3239.0
Idaho,Bannock County,219,151.0,68.0
Idaho,Bingham County,260,214.0,46.0
Idaho,Blaine County,201,147.0,54.0
Idaho,Bonner County,8,5.0,3.0
Idaho,Bonneville County,877,710.0,167.0
Idaho,Boundary County,2,1.0,1.0
Idaho,Butte County,22,13.0,9.0
Idaho,Camas County,1,1.0,
Idaho,Canyon County,2500,1766.0,734.0
Idaho,Caribou County,19,12.0,7.0
Idaho,Cassia County,910,687.0,223.0
Idaho,Clark County,17,14.0,3.0
Idaho,Custer County,11,8.0,3.0
Idaho,Elmore County,255,163.0,92.0
Idaho,Franklin County,17,10.0,7.0
Idaho,Fremont County,145,105.0,40.0
Idaho,Gem County,33,26.0,7.0
Idaho,Gooding County,424,341.0,83.0
Idaho,Idaho County,3,2.0,1.0
Idaho,Jefferson County,161,133.0,28.0
Idaho,Jerome County,929,741.0,188.0
Idaho,Kootenai County,106,84.0,22.0
Idaho,Latah County,7,5.0,2.0
Idaho,Lemhi County,7,6.0,1.0
Idaho,Madison County,251,203.0,48.0
Idaho,Minidoka County,1,,1.0
Idaho,Nez Perce County,15,14.0,1.0
Idaho,Oneida County,21,12.0,9.0
Idaho,Owyhee County,125,84.0,41.0
Idaho,Payette County,127,94.0,33.0
Idaho,Power County,142,112.0,30.0
Idaho,Shoshone County,4,3.0,1.0
Idaho,Teton County,48,23.0,25.0
Idaho,Twin Falls County,1039,811.0,228.0
Idaho,Valley County,86,56.0,30.0
Idaho,Washington County,78,50.0,28.0
Illinois,Adams County,16,5.0,11.0
Illinois,Alexander County,2,,2.0
Illinois,All,38269,18284.0,19985.0
Illinois,Bond County,181,74.0,107.0
Illinois,Boone County,246,158.0,88.0
Illinois,Brown County,33,11.0,22.0
Illinois,Bureau County,23,6.0,17.0
Illinois,Carroll County,5,1.0,4.0
Illinois,Champaign County,155,60.0,95.0
Illinois,Christian County,32,18.0,14.0
Illinois,Clark County,6,4.0,2.0
Illinois,Clinton County,52,16.0,36.0
Illinois,Coles County,21,13.0,8.0
Illinois,Cook County,11740,3576.0,8164.0
Illinois,Crawford County,44,18.0,26.0
Illinois,Cumberland County,20,12.0,8.0
Illinois,De Witt County,16,5.0,11.0
Illinois,DeKalb County,135,83.0,52.0
Illinois,Decatur County,4,1.0,3.0
Illinois,Douglas County,13,5.0,8.0
Illinois,DuPage County,4864,2746.0,2118.0
Illinois,Effingham County,77,54.0,23.0
Illinois,Fayette County,13,7.0,6.0
Illinois,Ford County,14,6.0,8.0
Illinois,Franklin County,11,5.0,6.0
Illinois,Fulton County,126,63.0,63.0
Illinois,Hancock County,8,1.0,7.0
Illinois,Henderson County,1,,1.0
Illinois,Henry County,50,9.0,41.0
Illinois,Jackson County,1,1.0,
Illinois,Jefferson County,33,16.0,17.0
Illinois,Jersey County,5,3.0,2.0
Illinois,Jo Daviess County,25,4.0,21.0
Illinois,Johnson County,34,14.0,20.0
Illinois,Kane County,3681,2142.0,1539.0
Illinois,Kankakee County,64,17.0,47.0
Illinois,Kendall County,33,14.0,19.0
Illinois,Knox County,51,15.0,36.0
Illinois,La Salle County,31,12.0,19.0
Illinois,Lake County,2902,1497.0,1405.0
Illinois,Lawrence County,23,10.0,13.0
Illinois,Lee County,193,87.0,106.0
Illinois,Livingston County,72,32.0,40.0
Illinois,Logan County,46,27.0,19.0
Illinois,Macon County,110,70.0,40.0
Illinois,Madison County,182,24.0,158.0
Illinois,Marion County,42,26.0,16.0
Illinois,Marshall County,2,,2.0
Illinois,McDonough County,5,3.0,2.0
Illinois,McHenry County,2013,1359.0,654.0
Illinois,McLean County,409,254.0,155.0
Illinois,Mercer County,13,2.0,11.0
Illinois,Monroe County,5,,5.0
Illinois,Montgomery County,65,37.0,28.0
Illinois,Morgan County,43,28.0,15.0
Illinois,Ogle County,146,14.0,132.0
Illinois,Peoria County,90,29.0,61.0
Illinois,Perry County,38,15.0,23.0
Illinois,Piatt County,17,11.0,6.0
Illinois,Porter County,1,1.0,
Illinois,Pulaski County,30,11.0,19.0
Illinois,Putnam County,4,4.0,
Illinois,Randolph County,66,33.0,33.0
Illinois,Rock Island County,436,118.0,318.0
Illinois,Sangamon County,40,20.0,20.0
Illinois,Schuyler County,10,2.0,8.0
Illinois,St. Clair County,312,70.0,242.0
Illinois,Stark County,7,2.0,5.0
Illinois,Stephenson County,64,4.0,60.0
Illinois,Tazewell County,266,112.0,154.0
Illinois,Union County,2,,2.0
Illinois,Vermilion County,101,30.0,71.0
Illinois,Warren County,44,11.0,33.0
Illinois,Washington County,16,4.0,12.0
Illinois,Wayne County,4,,4.0
Illinois,White County,5,,5.0
Illinois,Whiteside County,22,5.0,17.0
Illinois,Will County,7810,4706.0,3104.0
Illinois,Williamson County,204,94.0,110.0
Illinois,Winnebago County,543,337.0,206.0
Indiana,Adams County,12,2.0,10.0
Indiana,All,11984,4689.0,7295.0
Indiana,Allen County,431,188.0,243.0
Indiana,Bartholomew County,517,79.0,438.0
Indiana,Blackford County,4,,4.0
Indiana,Boone County,64,1.0,63.0
Indiana,Cass County,155,59.0,96.0
Indiana,Clark County,165,60.0,105.0
Indiana,Clay County,2,1.0,1.0
Indiana,Clinton County,447,100.0,347.0
Indiana,Daviess County,47,9.0,38.0
Indiana,De Kalb County,10,5.0,5.0
Indiana,Delaware County,30,8.0,22.0
Indiana,Dubois County,99,43.0,56.0
Indiana,Elkhart County,711,279.0,432.0
Indiana,Floyd County,164,81.0,83.0
Indiana,Gibson County,27,3.0,24.0
Indiana,Grant County,43,24.0,19.0
Indiana,Greene County,4,1.0,3.0
Indiana,Hamilton County,204,86.0,118.0
Indiana,Hancock County,67,32.0,35.0
Indiana,Hendricks County,1202,705.0,497.0
Indiana,Henry County,12,2.0,10.0
Indiana,Howard County,18,3.0,15.0
Indiana,Huntington County,8,,8.0
Indiana,Jackson County,170,78.0,92.0
Indiana,Jasper County,16,2.0,14.0
Indiana,Jay County,11,1.0,10.0
Indiana,Johnson County,1081,188.0,893.0
Indiana,Knox County,34,8.0,26.0
Indiana,Kosciusko County,110,36.0,74.0
Indiana,La Porte County,99,39.0,60.0
Indiana,Lake County,137,56.0,81.0
Indiana,Lawrence County,4,,4.0
Indiana,Madison County,108,46.0,62.0
Indiana,Marion County,4282,1958.0,2324.0
Indiana,Martin County,3,2.0,1.0
Indiana,Miami County,15,10.0,5.0
Indiana,Monroe County,39,7.0,32.0
Indiana,Morgan County,18,1.0,17.0
Indiana,Newton County,26,8.0,18.0
Indiana,Noble County,95,33.0,62.0
Indiana,Orange County,5,2.0,3.0
Indiana,Owen County,15,2.0,13.0
Indiana,Parke County,14,10.0,4.0
Indiana,Perry County,2,1.0,1.0
Indiana,Pike County,9,1.0,8.0
Indiana,Porter County,34,13.0,21.0
Indiana,Posey County,3,,3.0
Indiana,Putnam County,15,11.0,4.0
Indiana,Randolph County,33,16.0,17.0
Indiana,Shelby County,192,68.0,124.0
Indiana,St. Joseph County,233,43.0,190.0
Indiana,Sullivan County,4,1.0,3.0
Indiana,Tippecanoe County,361,113.0,248.0
Indiana,Vanderburgh County,157,105.0,52.0
Indiana,Vigo County,171,48.0,123.0
Indiana,Warrick County,16,1.0,15.0
Indiana,Wayne County,2,1.0,1.0
Indiana,Wells County,10,5.0,5.0
Indiana,Whitley County,17,4.0,13.0
Iowa,Adams County,24,8.0,16.0
Iowa,All,20454,9060.0,11394.0
Iowa,Allamakee County,56,32.0,24.0
Iowa,Benton County,62,40.0,22.0
Iowa,Black Hawk County,544,304.0,240.0
Iowa,Bremer County,14,12.0,2.0
Iowa,Buchanan County,2,2.0,
Iowa,Buena Vista County,424,252.0,172.0
Iowa,Butler County,8,4.0,4.0
Iowa,Calhoun County,2,2.0,
Iowa,Carroll County,94,54.0,40.0
Iowa,Cass County,22,12.0,10.0
Iowa,Cedar County,10,2.0,8.0
Iowa,Cerro Gordo County,134,34.0,100.0
Iowa,Cherokee County,52,16.0,36.0
Iowa,Clarke County,62,6.0,56.0
Iowa,Clay County,348,176.0,172.0
Iowa,Clayton County,62,32.0,30.0
Iowa,Clinton County,124,68.0,56.0
Iowa,Crawford County,370,212.0,158.0
Iowa,Dallas County,328,124.0,204.0
Iowa,Delaware County,18,6.0,12.0
Iowa,Des Moines County,32,4.0,28.0
Iowa,Dickinson County,96,44.0,52.0
Iowa,Dubuque County,292,144.0,148.0
Iowa,Emmet County,114,46.0,68.0
Iowa,Fayette County,36,16.0,20.0
Iowa,Floyd County,30,18.0,12.0
Iowa,Franklin County,178,42.0,136.0
Iowa,Fremont County,28,8.0,20.0
Iowa,Greene County,24,6.0,18.0
Iowa,Guthrie County,2,,2.0
Iowa,Hancock County,52,10.0,42.0
Iowa,Hardin County,210,110.0,100.0
Iowa,Harrison County,84,44.0,40.0
Iowa,Henry County,316,166.0,150.0
Iowa,Howard County,10,8.0,2.0
Iowa,Humboldt County,126,46.0,80.0
Iowa,Ida County,26,12.0,14.0
Iowa,Iowa County,4,,4.0
Iowa,Jasper County,92,48.0,44.0
Iowa,Jefferson County,6,2.0,4.0
Iowa,Johnson County,2276,1418.0,858.0
Iowa,Jones County,114,60.0,54.0
Iowa,Keokuk County,84,34.0,50.0
Iowa,Kossuth County,20,4.0,16.0
Iowa,Lee County,64,42.0,22.0
Iowa,Linn County,1606,754.0,852.0
Iowa,Louisa County,126,76.0,50.0
Iowa,Lyon County,78,44.0,34.0
Iowa,Madison County,20,8.0,12.0
Iowa,Mahaska County,18,,18.0
Iowa,Marion County,34,6.0,28.0
Iowa,Marshall County,632,182.0,450.0
Iowa,Mills County,22,10.0,12.0
Iowa,Monona County,14,6.0,8.0
Iowa,Monroe County,4,,4.0
Iowa,Montgomery County,58,26.0,32.0
Iowa,Muscatine County,636,274.0,362.0
Iowa,O'Brien County,208,88.0,120.0
Iowa,Osceola County,74,16.0,58.0
Iowa,Page County,16,12.0,4.0
Iowa,Palo Alto County,12,4.0,8.0
Iowa,Plymouth County,84,30.0,54.0
Iowa,Pocahontas County,10,4.0,6.0
Iowa,Polk County,4332,1392.0,2940.0
Iowa,Pottawattamie County,710,320.0,390.0
Iowa,Poweshiek County,14,8.0,6.0
Iowa,Sac County,438,184.0,254.0
Iowa,Scott County,542,200.0,342.0
Iowa,Shelby County,46,20.0,26.0
Iowa,Sioux County,866,582.0,284.0
Iowa,Story County,256,76.0,180.0
Iowa,Tama County,206,106.0,100.0
Iowa,Taylor County,30,2.0,28.0
Iowa,Union County,24,14.0,10.0
Iowa,Van Buren County,10,2.0,8.0
Iowa,Wapello County,204,64.0,140.0
Iowa,Warren County,40,10.0,30.0
Iowa,Washington County,104,52.0,52.0
Iowa,Winnebago County,24,2.0,22.0
Iowa,Woodbury County,1506,676.0,830.0
Iowa,Worth County,32,12.0,20.0
Iowa,Wright County,368,130.0,238.0
Kentucky,Adair County,42,22.0,20.0
Kentucky,All,8919,3854.0,5065.0
Kentucky,Allen County,20,13.0,7.0
Kentucky,Ballard County,13,8.0,5.0
Kentucky,Barren County,86,57.0,29.0
Kentucky,Boone County,513,232.0,281.0
Kentucky,Bourbon County,123,63.0,60.0
Kentucky,Boyd County,366,36.0,330.0
Kentucky,Boyle County,111,43.0,68.0
Kentucky,Butler County,9,3.0,6.0
Kentucky,Caldwell County,23,12.0,11.0
Kentucky,Calloway County,21,11.0,10.0
Kentucky,Carroll County,68,32.0,36.0
Kentucky,Christian County,101,65.0,36.0
Kentucky,Clay County,925,381.0,544.0
Kentucky,Crittenden County,2,2.0,
Kentucky,Fayette County,1725,487.0,1238.0
Kentucky,Franklin County,72,41.0,31.0
Kentucky,Fulton County,17,8.0,9.0
Kentucky,Grant County,17,15.0,2.0
Kentucky,Graves County,104,68.0,36.0
Kentucky,Grayson County,43,17.0,26.0
Kentucky,Hardin County,188,111.0,77.0
Kentucky,Hart County,33,20.0,13.0
Kentucky,Henderson County,28,6.0,22.0
Kentucky,Hickman County,2,,2.0
Kentucky,Hopkins County,35,14.0,21.0
Kentucky,Jefferson County,1336,853.0,483.0
Kentucky,Kenton County,46,14.0,32.0
Kentucky,Larue County,72,39.0,33.0
Kentucky,Laurel County,13,9.0,4.0
Kentucky,Lincoln County,10,3.0,7.0
Kentucky,Logan County,33,24.0,9.0
Kentucky,Lyon County,2,,2.0
Kentucky,Marion County,33,9.0,24.0
Kentucky,Martin County,495,159.0,336.0
Kentucky,Mason County,14,5.0,9.0
Kentucky,McCracken County,75,39.0,36.0
Kentucky,McCreary County,369,64.0,305.0
Kentucky,Mercer County,7,5.0,2.0
Kentucky,Monroe County,30,19.0,11.0
Kentucky,Morgan County,8,2.0,6.0
Kentucky,Muhlenberg County,15,10.0,5.0
Kentucky,Oldham County,223,99.0,124.0
Kentucky,Pulaski County,102,54.0,48.0
Kentucky,Scott County,40,3.0,37.0
Kentucky,Shelby County,733,355.0,378.0
Kentucky,Simpson County,5,,5.0
Kentucky,Todd County,19,11.0,8.0
Kentucky,Warren County,457,280.0,177.0
Kentucky,Woodford County,95,31.0,64.0
Louisiana,Acadia Parish,68,21.0,47.0
Louisiana,All,13592,5075.0,8517.0
Louisiana,Allen Parish,1548,707.0,841.0
Louisiana,Ascension Parish,231,129.0,102.0
Louisiana,Avoyelles Parish,33,19.0,14.0
Louisiana,Beauregard Parish,4,2.0,2.0
Louisiana,Bossier Parish,923,469.0,454.0
Louisiana,Caddo Parish,467,241.0,226.0
Louisiana,Calcasieu Parish,77,21.0,56.0
Louisiana,Caldwell Parish,12,8.0,4.0
Louisiana,Cameron Parish,6,1.0,5.0
Louisiana,Catahoula Parish,15,8.0,7.0
Louisiana,Claiborne Parish,18,10.0,8.0
Louisiana,Concordia Parish,17,8.0,9.0
Louisiana,De Soto Parish,21,9.0,12.0
Louisiana,East Baton Rouge Parish,773,221.0,552.0
Louisiana,East Carroll Parish,5,4.0,1.0
Louisiana,East Feliciana Parish,12,7.0,5.0
Louisiana,Evangeline Parish,790,374.0,416.0
Louisiana,Franklin Parish,20,13.0,7.0
Louisiana,Grant Parish,1878,781.0,1097.0
Louisiana,Iberia Parish,149,88.0,61.0
Louisiana,Iberville Parish,38,23.0,15.0
Louisiana,Jackson Parish,8,6.0,2.0
Louisiana,Jefferson Davis Parish,35,2.0,33.0
Louisiana,Jefferson Parish,1769,261.0,1508.0
Louisiana,La Salle Parish,89,46.0,43.0
Louisiana,Lafayette Parish,656,359.0,297.0
Louisiana,Lafourche Parish,153,9.0,144.0
Louisiana,Lincoln Parish,46,21.0,25.0
Louisiana,Madison Parish,19,15.0,4.0
Louisiana,Morehouse Parish,5,5.0,
Louisiana,Natchitoches Parish,21,8.0,13.0
Louisiana,Orleans Parish,1230,264.0,966.0
Louisiana,Ouachita Parish,392,275.0,117.0
Louisiana,Plaquemines Parish,35,6.0,29.0
Louisiana,Pointe Coupee Parish,4,1.0,3.0
Louisiana,Rapides Parish,1,,1.0
Louisiana,Richland Parish,15,6.0,9.0
Louisiana,Sabine Parish,14,10.0,4.0
Louisiana,St. Bernard Parish,138,19.0,119.0
Louisiana,St. Charles Parish,195,41.0,154.0
Louisiana,St. Helena Parish,6,1.0,5.0
Louisiana,St. James Parish,17,3.0,14.0
Louisiana,St. John the Baptist Parish,62,11.0,51.0
Louisiana,St. Landry Parish,33,20.0,13.0
Louisiana,St. Martin Parish,20,7.0,13.0
Louisiana,St. Mary Parish,223,86.0,137.0
Louisiana,St. Tammany Parish,499,139.0,360.0
Louisiana,Tangipahoa Parish,48,10.0,38.0
Louisiana,Tensas Parish,18,10.0,8.0
Louisiana,Terrebonne Parish,389,58.0,331.0
Louisiana,Union Parish,72,55.0,17.0
Louisiana,Vermilion Parish,51,37.0,14.0
Louisiana,Washington Parish,15,2.0,13.0
Louisiana,Webster Parish,22,12.0,10.0
Louisiana,West Baton Rouge Parish,139,77.0,62.0
Louisiana,West Carroll Parish,29,24.0,5.0
Louisiana,West Feliciana Parish,17,4.0,13.0
Louisiana,Winn Parish,2,1.0,1.0
Maine,Androscoggin County,16,9.0,7.0
Maine,Aroostook County,1,1.0,
Maine,Cumberland County,1309,835.0,474.0
Maine,Franklin County,1,,1.0
Maine,Hancock County,4,1.0,3.0
Maine,Kennebec County,12,7.0,5.0
Maine,Lincoln County,2,1.0,1.0
Maine,Oxford County,5,,5.0
Maine,Penobscot County,13,8.0,5.0
Maine,Piscataquis County,4,,4.0
Maine,Somerset County,19,12.0,7.0
Maine,Waldo County,4,1.0,3.0
Maine,Washington County,11,6.0,5.0
Maryland,Allegany County,237,44.0,193.0
Maryland,Anne Arundel County,139,25.0,114.0
Maryland,Baltimore City,828,299.0,529.0
Maryland,Calvert County,89,29.0,60.0
Maryland,Caroline County,73,40.0,33.0
Maryland,Carroll County,199,118.0,81.0
Maryland,Cecil County,48,25.0,23.0
Maryland,Charles County,174,82.0,92.0
Maryland,Dorchester County,111,66.0,45.0
Maryland,Harford County,212,104.0,108.0
Maryland,Howard County,2,,2.0
Maryland,Kent County,85,51.0,34.0
Maryland,Prince George's County,36751,14740.0,22011.0
Maryland,Queen Anne's County,198,99.0,99.0
Maryland,Somerset County,71,30.0,41.0
Maryland,St. Mary's County,158,92.0,66.0
Maryland,Talbot County,106,45.0,61.0
Maryland,Washington County,116,55.0,61.0
Massachusetts,All,9869,6219.0,3650.0
Massachusetts,Barnstable County,193,135.0,58.0
Massachusetts,Berkshire County,43,24.0,19.0
Massachusetts,Bristol County,497,238.0,259.0
Massachusetts,Dukes County,169,111.0,58.0
Massachusetts,Essex County,1214,811.0,403.0
Massachusetts,Franklin County,18,14.0,4.0
Massachusetts,Hampden County,284,204.0,80.0
Massachusetts,Hampshire County,30,20.0,10.0
Massachusetts,Middlesex County,2338,1477.0,861.0
Massachusetts,Nantucket County,83,38.0,45.0
Massachusetts,Norfolk County,1009,598.0,411.0
Massachusetts,Plymouth County,505,302.0,203.0
Massachusetts,Suffolk County,2908,1864.0,1044.0
Massachusetts,Worcester County,578,383.0,195.0
Michigan,Alger County,5,3.0,2.0
Michigan,All,9948,5512.0,4436.0
Michigan,Allegan County,219,165.0,54.0
Michigan,Alpena County,2,1.0,1.0
Michigan,Antrim County,9,4.0,5.0
Michigan,Barry County,14,11.0,3.0
Michigan,Bay County,15,10.0,5.0
Michigan,Benzie County,10,8.0,2.0
Michigan,Berrien County,213,173.0,40.0
Michigan,Branch County,146,112.0,34.0
Michigan,Calhoun County,251,185.0,66.0
Michigan,Cass County,46,32.0,14.0
Michigan,Charlevoix County,7,5.0,2.0
Michigan,Chippewa County,58,30.0,28.0
Michigan,Clinton County,24,13.0,11.0
Michigan,Crawford County,3,,3.0
Michigan,Dickinson County,2,1.0,1.0
Michigan,Eaton County,36,26.0,10.0
Michigan,Emmet County,10,3.0,7.0
Michigan,Genesee County,34,16.0,18.0
Michigan,Gogebic County,7,1.0,6.0
Michigan,Grand Traverse County,45,25.0,20.0
Michigan,Gratiot County,8,5.0,3.0
Michigan,Hillsdale County,6,5.0,1.0
Michigan,Houghton County,2,1.0,1.0
Michigan,Huron County,16,3.0,13.0
Michigan,Ingham County,119,82.0,37.0
Michigan,Ionia County,159,117.0,42.0
Michigan,Iosco County,4,4.0,
Michigan,Iron County,5,4.0,1.0
Michigan,Isabella County,21,15.0,6.0
Michigan,Jackson County,875,254.0,621.0
Michigan,Kalamazoo County,112,76.0,36.0
Michigan,Kalkaska County,2,1.0,1.0
Michigan,Kent County,2241,1550.0,691.0
Michigan,Keweenaw County,1,1.0,
Michigan,Lake County,3,2.0,1.0
Michigan,Lapeer County,51,28.0,23.0
Michigan,Leelanau County,21,15.0,6.0
Michigan,Lenawee County,95,53.0,42.0
Michigan,Luce County,32,16.0,16.0
Michigan,Mackinac County,2,1.0,1.0
Michigan,Macomb County,319,169.0,150.0
Michigan,Manistee County,22,13.0,9.0
Michigan,Marquette County,7,5.0,2.0
Michigan,Mason County,26,19.0,7.0
Michigan,Mecosta County,7,6.0,1.0
Michigan,Menominee County,3,2.0,1.0
Michigan,Missaukee County,13,8.0,5.0
Michigan,Monroe County,83,46.0,37.0
Michigan,Montcalm County,23,17.0,6.0
Michigan,Muskegon County,84,53.0,31.0
Michigan,Newaygo County,121,77.0,44.0
Michigan,Oakland County,909,462.0,447.0
Michigan,Oceana County,402,329.0,73.0
Michigan,Osceola County,2,2.0,
Michigan,Ottawa County,413,321.0,92.0
Michigan,Roscommon County,8,7.0,1.0
Michigan,Saginaw County,64,32.0,32.0
Michigan,Sanilac County,4,2.0,2.0
Michigan,Shiawassee County,15,11.0,4.0
Michigan,St. Clair County,15,7.0,8.0
Michigan,St. Joseph County,222,169.0,53.0
Michigan,Tuscola County,4,3.0,1.0
Michigan,Van Buren County,195,141.0,54.0
Michigan,Washtenaw County,594,192.0,402.0
Michigan,Wayne County,1455,359.0,1096.0
Michigan,Wexford County,7,3.0,4.0
Minnesota,All,18596,11832.0,6764.0
Minnesota,Anoka County,1198,844.0,354.0
Minnesota,Becker County,20,11.0,9.0
Minnesota,Beltrami County,10,8.0,2.0
Minnesota,Benton County,42,26.0,16.0
Minnesota,Blue Earth County,76,48.0,28.0
Minnesota,Brown County,33,20.0,13.0
Minnesota,Carlton County,102,70.0,32.0
Minnesota,Carver County,176,115.0,61.0
Minnesota,Chippewa County,48,33.0,15.0
Minnesota,Chisago County,94,43.0,51.0
Minnesota,Clay County,52,27.0,25.0
Minnesota,Clearwater County,2,,2.0
Minnesota,Cook County,10,2.0,8.0
Minnesota,Cottonwood County,74,47.0,27.0
Minnesota,Crow Wing County,11,8.0,3.0
Minnesota,Dakota County,711,488.0,223.0
Minnesota,Douglas County,23,6.0,17.0
Minnesota,Faribault County,45,25.0,20.0
Minnesota,Fillmore County,12,8.0,4.0
Minnesota,Freeborn County,198,120.0,78.0
Minnesota,Goodhue County,187,126.0,61.0
Minnesota,Hennepin County,6201,3982.0,2219.0
Minnesota,Houston County,18,11.0,7.0
Minnesota,Hubbard County,4,1.0,3.0
Minnesota,Isanti County,7,3.0,4.0
Minnesota,Itasca County,5,2.0,3.0
Minnesota,Jackson County,23,12.0,11.0
Minnesota,Kanabec County,4,3.0,1.0
Minnesota,Kandiyohi County,241,201.0,40.0
Minnesota,Kittson County,2,,2.0
Minnesota,Lac qui Parle County,4,3.0,1.0
Minnesota,Lake County,16,6.0,10.0
Minnesota,Lake of the Woods County,2,1.0,1.0
Minnesota,Le Sueur County,80,55.0,25.0
Minnesota,Lyon County,238,156.0,82.0
Minnesota,Mahnomen County,7,4.0,3.0
Minnesota,Marshall County,12,4.0,8.0
Minnesota,Martin County,48,34.0,14.0
Minnesota,McLeod County,89,48.0,41.0
Minnesota,Meeker County,47,26.0,21.0
Minnesota,Mille Lacs County,12,2.0,10.0
Minnesota,Morrison County,22,12.0,10.0
Minnesota,Mower County,438,340.0,98.0
Minnesota,Nicollet County,39,28.0,11.0
Minnesota,Nobles County,675,373.0,302.0
Minnesota,Olmsted County,919,546.0,373.0
Minnesota,Otter Tail County,55,36.0,19.0
Minnesota,Pennington County,10,6.0,4.0
Minnesota,Pine County,388,93.0,295.0
Minnesota,Pipestone County,37,17.0,20.0
Minnesota,Polk County,31,22.0,9.0
Minnesota,Pope County,1,1.0,
Minnesota,Ramsey County,1958,1487.0,471.0
Minnesota,Redwood County,26,14.0,12.0
Minnesota,Renville County,110,94.0,16.0
Minnesota,Rice County,455,312.0,143.0
Minnesota,Roseau County,9,6.0,3.0
Minnesota,Scott County,564,359.0,205.0
Minnesota,Sherburne County,135,79.0,56.0
Minnesota,Sibley County,66,38.0,28.0
Minnesota,St. Louis County,30,10.0,20.0
Minnesota,Stearns County,967,479.0,488.0
Minnesota,Steele County,96,73.0,23.0
Minnesota,Stevens County,2,1.0,1.0
Minnesota,Swift County,29,14.0,15.0
Minnesota,Todd County,32,25.0,7.0
Minnesota,Traverse County,17,9.0,8.0
Minnesota,Wabasha County,44,33.0,11.0
Minnesota,Waseca County,705,390.0,315.0
Minnesota,Washington County,302,165.0,137.0
Minnesota,Watonwan County,62,39.0,23.0
Minnesota,Wilkin County,1,1.0,
Minnesota,Winona County,17,9.0,8.0
Minnesota,Wright County,123,70.0,53.0
Minnesota,Yellow Medicine County,47,22.0,25.0
Mississippi,Adams County,2245,1200.0,1045.0
Mississippi,Alcorn County,1,1.0,
Mississippi,All,12619,5211.0,7408.0
Mississippi,Attala County,2,1.0,1.0
Mississippi,Bolivar County,8,,8.0
Mississippi,Calhoun County,15,4.0,11.0
Mississippi,Chickasaw County,59,10.0,49.0
Mississippi,Choctaw County,10,3.0,7.0
Mississippi,Clarke County,1,,1.0
Mississippi,Clay County,10,1.0,9.0
Mississippi,Copiah County,16,1.0,15.0
Mississippi,Covington County,2,,2.0
Mississippi,DeSoto County,956,361.0,595.0
Mississippi,Forrest County,451,193.0,258.0
Mississippi,George County,63,35.0,28.0
Mississippi,Greene County,46,30.0,16.0
Mississippi,Grenada County,10,,10.0
Mississippi,Hancock County,263,143.0,120.0
Mississippi,Harrison County,1632,838.0,794.0
Mississippi,Hinds County,326,138.0,188.0
Mississippi,Humphreys County,10,1.0,9.0
Mississippi,Issaquena County,2,1.0,1.0
Mississippi,Jackson County,367,130.0,237.0
Mississippi,Jasper County,17,2.0,15.0
Mississippi,Jefferson County,6,1.0,5.0
Mississippi,Jefferson Davis County,2,,2.0
Mississippi,Jones County,309,158.0,151.0
Mississippi,Lafayette County,60,13.0,47.0
Mississippi,Lamar County,176,81.0,95.0
Mississippi,Lauderdale County,143,24.0,119.0
Mississippi,Lawrence County,6,3.0,3.0
Mississippi,Leake County,58,1.0,57.0
Mississippi,Leflore County,8,1.0,7.0
Mississippi,Lincoln County,16,6.0,10.0
Mississippi,Lowndes County,154,29.0,125.0
Mississippi,Madison County,677,199.0,478.0
Mississippi,Marion County,6,4.0,2.0
Mississippi,Monroe County,2,,2.0
Mississippi,Neshoba County,26,3.0,23.0
Mississippi,Newton County,8,,8.0
Mississippi,Oktibbeha County,17,2.0,15.0
Mississippi,Pearl River County,223,100.0,123.0
Mississippi,Pike County,43,19.0,24.0
Mississippi,Pontotoc County,19,3.0,16.0
Mississippi,Rankin County,796,302.0,494.0
Mississippi,Scott County,185,52.0,133.0
Mississippi,Simpson County,66,29.0,37.0
Mississippi,Smith County,19,3.0,16.0
Mississippi,Sunflower County,40,8.0,32.0
Mississippi,Tallahatchie County,113,8.0,105.0
Mississippi,Tate County,4,,4.0
Mississippi,Walthall County,2,1.0,1.0
Mississippi,Warren County,31,18.0,13.0
Mississippi,Washington County,8,2.0,6.0
Mississippi,Wayne County,50,27.0,23.0
Mississippi,Webster County,3,1.0,2.0
Mississippi,Wilkinson County,4,1.0,3.0
Mississippi,Yazoo County,2827,1019.0,1808.0
Missouri,All,5826,1283.0,4543.0
Missouri,Audrain County,27,6.0,21.0
Missouri,Barry County,41,7.0,34.0
Missouri,Barton County,7,3.0,4.0
Missouri,Benton County,1,,1.0
Missouri,Boone County,260,64.0,196.0
Missouri,Buchanan County,240,74.0,166.0
Missouri,Caldwell County,35,12.0,23.0
Missouri,Callaway County,129,31.0,98.0
Missouri,Camden County,73,14.0,59.0
Missouri,Cape Girardeau County,39,6.0,33.0
Missouri,Carroll County,5,,5.0
Missouri,Cass County,126,36.0,90.0
Missouri,Cedar County,1,1.0,
Missouri,Christian County,68,33.0,35.0
Missouri,Clay County,163,43.0,120.0
Missouri,Clinton County,72,11.0,61.0
Missouri,Cole County,51,4.0,47.0
Missouri,Cooper County,17,2.0,15.0
Missouri,Dade County,17,9.0,8.0
Missouri,Dunklin County,40,6.0,34.0
Missouri,Franklin County,39,13.0,26.0
Missouri,Greene County,400,109.0,291.0
Missouri,Grundy County,3,,3.0
Missouri,Howell County,11,4.0,7.0
Missouri,Jackson County,887,122.0,765.0
Missouri,Jasper County,496,159.0,337.0
Missouri,Johnson County,88,15.0,73.0
Missouri,Laclede County,15,4.0,11.0
Missouri,Lafayette County,43,6.0,37.0
Missouri,Lawrence County,45,13.0,32.0
Missouri,Lincoln County,20,4.0,16.0
Missouri,Livingston County,1,,1.0
Missouri,Madison County,11,3.0,8.0
Missouri,Marion County,13,2.0,11.0
Missouri,McDonald County,47,22.0,25.0
Missouri,Miller County,16,4.0,12.0
Missouri,Mississippi County,29,10.0,19.0
Missouri,Moniteau County,5,1.0,4.0
Missouri,Montgomery County,54,29.0,25.0
Missouri,Morgan County,30,7.0,23.0
Missouri,New Madrid County,7,3.0,4.0
Missouri,Newton County,124,40.0,84.0
Missouri,Nodaway County,6,2.0,4.0
Missouri,Ozark County,4,1.0,3.0
Missouri,Perry County,37,5.0,32.0
Missouri,Pettis County,81,9.0,72.0
Missouri,Phelps County,8,2.0,6.0
Missouri,Pike County,17,2.0,15.0
Missouri,Platte County,93,24.0,69.0
Missouri,Polk County,5,,5.0
Missouri,Pulaski County,16,4.0,12.0
Missouri,Randolph County,15,4.0,11.0
Missouri,Reynolds County,3,,3.0
Missouri,Saline County,13,1.0,12.0
Missouri,Scott County,52,12.0,40.0
Missouri,St. Charles County,189,34.0,155.0
Missouri,St. Clair County,17,2.0,15.0
Missouri,St. Francois County,168,33.0,135.0
Missouri,St. Louis City,686,103.0,583.0
Missouri,St. Louis County,428,55.0,373.0
Missouri,Ste. Genevieve County,18,2.0,16.0
Missouri,Stone County,18,7.0,11.0
Missouri,Sullivan County,14,9.0,5.0
Missouri,Taney County,81,25.0,56.0
Missouri,Texas County,16,3.0,13.0
Missouri,Vernon County,16,8.0,8.0
Missouri,Warren County,19,,19.0
Missouri,Washington County,2,1.0,1.0
Missouri,Webster County,7,3.0,4.0
Missouri,Wright County,1,,1.0
Nebraska,Adams County,103,59.0,44.0
Nebraska,All,10740,5743.0,4997.0
Nebraska,Antelope County,8,5.0,3.0
Nebraska,Boone County,14,11.0,3.0
Nebraska,Box Butte County,15,8.0,7.0
Nebraska,Buffalo County,214,129.0,85.0
Nebraska,Butler County,32,19.0,13.0
Nebraska,Cass County,76,43.0,33.0
Nebraska,Cedar County,14,9.0,5.0
Nebraska,Chase County,6,2.0,4.0
Nebraska,Cherry County,2,,2.0
Nebraska,Cheyenne County,27,14.0,13.0
Nebraska,Clay County,11,7.0,4.0
Nebraska,Colfax County,18,5.0,13.0
Nebraska,Custer County,15,8.0,7.0
Nebraska,Dakota County,355,216.0,139.0
Nebraska,Dawson County,663,431.0,232.0
Nebraska,Dixon County,44,23.0,21.0
Nebraska,Dodge County,206,51.0,155.0
Nebraska,Douglas County,2995,1490.0,1505.0
Nebraska,Fillmore County,6,4.0,2.0
Nebraska,Frontier County,1,1.0,
Nebraska,Furnas County,9,4.0,5.0
Nebraska,Gage County,19,7.0,12.0
Nebraska,Garden County,6,3.0,3.0
Nebraska,Hall County,1460,926.0,534.0
Nebraska,Hamilton County,16,9.0,7.0
Nebraska,Harlan County,4,3.0,1.0
Nebraska,Holt County,70,45.0,25.0
Nebraska,Howard County,1,,1.0
Nebraska,Johnson County,11,6.0,5.0
Nebraska,Kearney County,9,7.0,2.0
Nebraska,Keith County,39,29.0,10.0
Nebraska,Kimball County,10,8.0,2.0
Nebraska,Knox County,2,,2.0
Nebraska,Lancaster County,1640,771.0,869.0
Nebraska,Lincoln County,128,89.0,39.0
Nebraska,Madison County,238,108.0,130.0
Nebraska,Merrick County,4,,4.0
Nebraska,Nemaha County,2,,2.0
Nebraska,Otoe County,42,21.0,21.0
Nebraska,Phelps County,100,54.0,46.0
Nebraska,Pierce County,32,22.0,10.0
Nebraska,Platte County,812,424.0,388.0
Nebraska,Red Willow County,5,3.0,2.0
Nebraska,Saline County,220,117.0,103.0
Nebraska,Sarpy County,451,228.0,223.0
Nebraska,Saunders County,93,30.0,63.0
Nebraska,Scotts Bluff County,242,143.0,99.0
Nebraska,Seward County,59,29.0,30.0
Nebraska,Thayer County,1,,1.0
Nebraska,Thurston County,117,80.0,37.0
Nebraska,Valley County,13,6.0,7.0
Nebraska,Washington County,15,6.0,9.0
Nebraska,York County,45,30.0,15.0
Nevada,All,22296,15264.0,7032.0
Nevada,Carson City,1452,547.0,905.0
Nevada,Churchill County,24,17.0,7.0
Nevada,Clark County,17055,12351.0,4704.0
Nevada,Douglas County,72,45.0,27.0
Nevada,Elko County,64,39.0,25.0
Nevada,Esmeralda County,14,7.0,7.0
Nevada,Eureka County,1,,1.0
Nevada,Humboldt County,27,18.0,9.0
Nevada,Lander County,10,7.0,3.0
Nevada,Lincoln County,6,4.0,2.0
Nevada,Lyon County,19,14.0,5.0
Nevada,Nye County,108,55.0,53.0
Nevada,Pershing County,254,58.0,196.0
Nevada,Storey County,3,2.0,1.0
Nevada,Washoe County,3038,2070.0,968.0
Nevada,White Pine County,149,30.0,119.0
New Hampshire,All,1301,639.0,662.0
New Hampshire,Belknap County,9,2.0,7.0
New Hampshire,Coos County,86,19.0,67.0
New Hampshire,Hillsborough County,726,470.0,256.0
New Hampshire,Merrimack County,170,58.0,112.0
New Hampshire,Rockingham County,99,48.0,51.0
New Hampshire,Strafford County,211,42.0,169.0
New Jersey,All,30413,19554.0,10859.0
New Jersey,Atlantic County,1010,694.0,316.0
New Jersey,Bergen County,1957,1369.0,588.0
New Jersey,Burlington County,2567,1274.0,1293.0
New Jersey,Camden County,867,543.0,324.0
New Jersey,Cape May County,266,178.0,88.0
New Jersey,Cumberland County,2341,1384.0,957.0
New Jersey,Essex County,2798,1505.0,1293.0
New Jersey,Gloucester County,166,104.0,62.0
New Jersey,Hudson County,3000,1959.0,1041.0
New Jersey,Hunterdon County,566,389.0,177.0
New Jersey,Mercer County,1592,937.0,655.0
New Jersey,Middlesex County,2597,1873.0,724.0
New Jersey,Monmouth County,2203,1641.0,562.0
New Jersey,Morris County,1303,770.0,533.0
New Jersey,Ocean County,2028,1317.0,711.0
New Jersey,Passaic County,2027,1495.0,532.0
New Jersey,Salem County,314,212.0,102.0
New Jersey,Somerset County,931,643.0,288.0
New Jersey,Sussex County,98,56.0,42.0
New Jersey,Union County,1653,1138.0,515.0
New Jersey,Warren County,129,73.0,56.0
New Mexico,All,16362,7709.0,8653.0
New Mexico,Bernalillo County,6008,3275.0,2733.0
New Mexico,Chaves County,354,171.0,183.0
New Mexico,Cibola County,2857,965.0,1892.0
New Mexico,Colfax County,42,16.0,26.0
New Mexico,Curry County,505,211.0,294.0
New Mexico,Dona Ana County,1942,1147.0,795.0
New Mexico,Eddy County,142,62.0,80.0
New Mexico,Grant County,4,1.0,3.0
New Mexico,Guadalupe County,14,4.0,10.0
New Mexico,Hidalgo County,186,105.0,81.0
New Mexico,Lea County,1054,403.0,651.0
New Mexico,Lincoln County,48,32.0,16.0
New Mexico,Los Alamos County,63,25.0,38.0
New Mexico,Luna County,183,83.0,100.0
New Mexico,McKinley County,53,24.0,29.0
New Mexico,Otero County,91,49.0,42.0
New Mexico,Quay County,17,6.0,11.0
New Mexico,Rio Arriba County,207,89.0,118.0
New Mexico,Roosevelt County,68,30.0,38.0
New Mexico,San Juan County,535,253.0,282.0
New Mexico,San Miguel County,60,37.0,23.0
New Mexico,Sandoval County,211,69.0,142.0
New Mexico,Santa Fe County,918,335.0,583.0
New Mexico,Sierra County,4,3.0,1.0
New Mexico,Taos County,116,43.0,73.0
New Mexico,Torrance County,125,56.0,69.0
New Mexico,Valencia County,555,215.0,340.0
New York,Albany County,404,180.0,224.0
New York,All,71454,39799.0,31655.0
New York,Allegany County,32,17.0,15.0
New York,Bronx County,1261,308.0,953.0
New York,Broome County,83,46.0,37.0
New York,Cattaraugus County,268,165.0,103.0
New York,Cayuga County,181,81.0,100.0
New York,Chautauqua County,847,605.0,242.0
New York,Chemung County,160,46.0,114.0
New York,Chenango County,5,2.0,3.0
New York,Clinton County,403,143.0,260.0
New York,Columbia County,36,20.0,16.0
New York,Cortland County,6,3.0,3.0
New York,Delaware County,18,11.0,7.0
New York,Dutchess County,2047,895.0,1152.0
New York,Erie County,413,130.0,283.0
New York,Essex County,881,448.0,433.0
New York,Franklin County,842,459.0,383.0
New York,Fulton County,42,25.0,17.0
New York,Genesee County,154,66.0,88.0
New York,Greene County,643,390.0,253.0
New York,Hamilton County,2,1.0,1.0
New York,Herkimer County,9,4.0,5.0
New York,Jefferson County,496,324.0,172.0
New York,Kings County,9335,2548.0,6787.0
New York,Lewis County,2,1.0,1.0
New York,Livingston County,210,124.0,86.0
New York,Madison County,16,8.0,8.0
New York,Monroe County,242,67.0,175.0
New York,Montgomery County,29,14.0,15.0
New York,Nassau County,6093,3906.0,2187.0
New York,New York County,1396,350.0,1046.0
New York,Niagara County,46,15.0,31.0
New York,Oneida County,955,599.0,356.0
New York,Onondaga County,158,57.0,101.0
New York,Ontario County,65,32.0,33.0
New York,Orange County,2052,1255.0,797.0
New York,Orleans County,312,181.0,131.0
New York,Oswego County,21,11.0,10.0
New York,Otsego County,10,7.0,3.0
New York,Putnam County,635,450.0,185.0
New York,Queens County,24874,15325.0,9549.0
New York,Rensselaer County,56,26.0,30.0
New York,Richmond County,192,81.0,111.0
New York,Rockland County,1221,905.0,316.0
New York,Saratoga County,118,89.0,29.0
New York,Schenectady County,61,31.0,30.0
New York,Schoharie County,7,4.0,3.0
New York,Schuyler County,7,3.0,4.0
New York,Seneca County,292,108.0,184.0
New York,St. Lawrence County,821,524.0,297.0
New York,Steuben County,22,11.0,11.0
New York,Suffolk County,6312,4268.0,2044.0
New York,Sullivan County,220,139.0,81.0
New York,Ulster County,1522,802.0,720.0
New York,Warren County,40,13.0,27.0
New York,Washington County,275,133.0,142.0
New York,Wayne County,73,43.0,30.0
New York,Westchester County,4229,3136.0,1093.0
New York,Wyoming County,298,162.0,136.0
New York,Yates County,4,2.0,2.0
North Carolina,Alamance County,1585,1245.0,340.0
North Carolina,Alexander County,38,20.0,18.0
North Carolina,All,45941,28730.0,17211.0
North Carolina,Alleghany County,113,58.0,55.0
North Carolina,Anson County,10,4.0,6.0
North Carolina,Ashe County,61,27.0,34.0
North Carolina,Avery County,60,31.0,29.0
North Carolina,Beaufort County,71,21.0,50.0
North Carolina,Bertie County,9,4.0,5.0
North Carolina,Bladen County,179,95.0,84.0
North Carolina,Brunswick County,278,125.0,153.0
North Carolina,Buncombe County,322,117.0,205.0
North Carolina,Burke County,81,39.0,42.0
North Carolina,Cabarrus County,130,62.0,68.0
North Carolina,Caldwell County,199,85.0,114.0
North Carolina,Carteret County,66,38.0,28.0
North Carolina,Caswell County,17,2.0,15.0
North Carolina,Catawba County,536,253.0,283.0
North Carolina,Chatham County,132,55.0,77.0
North Carolina,Cherokee County,29,15.0,14.0
North Carolina,Chowan County,3,1.0,2.0
North Carolina,Clay County,28,13.0,15.0
North Carolina,Cleveland County,65,15.0,50.0
North Carolina,Columbus County,151,79.0,72.0
North Carolina,Craven County,34,11.0,23.0
North Carolina,Cumberland County,208,72.0,136.0
North Carolina,Currituck County,11,6.0,5.0
North Carolina,Dare County,136,54.0,82.0
North Carolina,Davidson County,176,67.0,109.0
North Carolina,Davie County,117,62.0,55.0
North Carolina,Duplin County,362,155.0,207.0
North Carolina,Durham County,1167,484.0,683.0
North Carolina,Edgecombe County,22,12.0,10.0
North Carolina,Forsyth County,1640,868.0,772.0
North Carolina,Franklin County,30,9.0,21.0
North Carolina,Gaston County,1651,1241.0,410.0
North Carolina,Graham County,6,2.0,4.0
North Carolina,Granville County,1138,663.0,475.0
North Carolina,Greene County,50,20.0,30.0
North Carolina,Guilford County,827,279.0,548.0
North Carolina,Halifax County,13,7.0,6.0
North Carolina,Harnett County,258,113.0,145.0
North Carolina,Haywood County,76,35.0,41.0
North Carolina,Henderson County,1057,749.0,308.0
North Carolina,Hertford County,2237,1420.0,817.0
North Carolina,Hoke County,238,107.0,131.0
North Carolina,Iredell County,424,178.0,246.0
North Carolina,Jackson County,117,59.0,58.0
North Carolina,Johnston County,566,296.0,270.0
North Carolina,Jones County,20,9.0,11.0
North Carolina,Lee County,247,95.0,152.0
North Carolina,Lenoir County,170,53.0,117.0
North Carolina,Lincoln County,112,55.0,57.0
North Carolina,Macon County,127,59.0,68.0
North Carolina,Madison County,9,7.0,2.0
North Carolina,Martin County,44,28.0,16.0
North Carolina,McDowell County,74,26.0,48.0
North Carolina,Mecklenburg County,10275,7970.0,2305.0
North Carolina,Mitchell County,5,3.0,2.0
North Carolina,Montgomery County,70,26.0,44.0
North Carolina,Moore County,88,54.0,34.0
North Carolina,Nash County,170,65.0,105.0
North Carolina,New Hanover County,748,303.0,445.0
North Carolina,Northampton County,5,1.0,4.0
North Carolina,Onslow County,197,86.0,111.0
North Carolina,Orange County,407,218.0,189.0
North Carolina,Pamlico County,7,1.0,6.0
North Carolina,Pasquotank County,39,21.0,18.0
North Carolina,Pender County,61,33.0,28.0
North Carolina,Person County,53,25.0,28.0
North Carolina,Pitt County,451,166.0,285.0
North Carolina,Polk County,82,38.0,44.0
North Carolina,Randolph County,354,216.0,138.0
North Carolina,Richmond County,61,33.0,28.0
North Carolina,Robeson County,546,269.0,277.0
North Carolina,Rockingham County,292,116.0,176.0
North Carolina,Rowan County,248,107.0,141.0
North Carolina,Rutherford County,141,52.0,89.0
North Carolina,Sampson County,244,96.0,148.0
North Carolina,Scotland County,27,13.0,14.0
North Carolina,Stanly County,48,24.0,24.0
North Carolina,Stokes County,12,3.0,9.0
North Carolina,Surry County,248,121.0,127.0
North Carolina,Swain County,38,18.0,20.0
North Carolina,Transylvania County,57,23.0,34.0
North Carolina,Tyrrell County,2,,2.0
North Carolina,Union County,1176,731.0,445.0
North Carolina,Vance County,37,11.0,26.0
North Carolina,Wake County,11764,7955.0,3809.0
North Carolina,Warren County,7,3.0,4.0
North Carolina,Washington County,61,45.0,16.0
North Carolina,Watauga County,60,26.0,34.0
North Carolina,Wayne County,60,23.0,37.0
North Carolina,Wilkes County,27,13.0,14.0
North Carolina,Wilson County,116,42.0,74.0
North Carolina,Yadkin County,105,67.0,38.0
North Carolina,Yancey County,25,8.0,17.0
North Dakota,All,638,379.0,259.0
North Dakota,Barnes County,17,11.0,6.0
North Dakota,Bottineau County,1,,1.0
North Dakota,Burleigh County,88,52.0,36.0
North Dakota,Cass County,260,162.0,98.0
North Dakota,Grand Forks County,55,29.0,26.0
North Dakota,Hettinger County,1,1.0,
North Dakota,McKenzie County,2,2.0,
North Dakota,Mercer County,4,3.0,1.0
North Dakota,Morton County,31,9.0,22.0
North Dakota,Mountrail County,5,3.0,2.0
North Dakota,Pembina County,1,,1.0
North Dakota,Pierce County,3,3.0,
North Dakota,Ramsey County,12,10.0,2.0
North Dakota,Richland County,13,8.0,5.0
North Dakota,Stark County,27,17.0,10.0
North Dakota,Stutsman County,13,6.0,7.0
North Dakota,Traill County,17,5.0,12.0
North Dakota,Walsh County,5,4.0,1.0
North Dakota,Ward County,49,32.0,17.0
North Dakota,Williams County,34,22.0,12.0
Northern Mariana Islands,All,192,30.0,162.0
Northern Mariana Islands,Mariana County,192,30.0,162.0
Not Listed,All,138520,75585.0,62935.0
Not Listed,Unknown County,138520,75585.0,62935.0
Ohio,Adams County,21,14.0,7.0
Ohio,All,26079,14467.0,11612.0
Ohio,Allen County,108,81.0,27.0
Ohio,Ashland County,23,6.0,17.0
Ohio,Ashtabula County,31,11.0,20.0
Ohio,Athens County,77,53.0,24.0
Ohio,Auglaize County,23,14.0,9.0
Ohio,Belmont County,61,21.0,40.0
Ohio,Brown County,37,26.0,11.0
Ohio,Butler County,1380,935.0,445.0
Ohio,Carroll County,14,4.0,10.0
Ohio,Champaign County,255,150.0,105.0
Ohio,Clark County,588,320.0,268.0
Ohio,Clermont County,178,109.0,69.0
Ohio,Clinton County,85,52.0,33.0
Ohio,Columbiana County,471,109.0,362.0
Ohio,Coshocton County,2,1.0,1.0
Ohio,Crawford County,41,20.0,21.0
Ohio,Cuyahoga County,855,339.0,516.0
Ohio,Darke County,68,51.0,17.0
Ohio,Defiance County,18,9.0,9.0
Ohio,Delaware County,449,203.0,246.0
Ohio,Erie County,24,14.0,10.0
Ohio,Fairfield County,166,102.0,64.0
Ohio,Fayette County,116,82.0,34.0
Ohio,Franklin County,7445,3801.0,3644.0
Ohio,Geauga County,40,19.0,21.0
Ohio,Greene County,91,57.0,34.0
Ohio,Guernsey County,37,29.0,8.0
Ohio,Hamilton County,2422,1552.0,870.0
Ohio,Hancock County,94,48.0,46.0
Ohio,Huron County,184,92.0,92.0
Ohio,Jefferson County,11,6.0,5.0
Ohio,Knox County,2,1.0,1.0
Ohio,Lake County,328,152.0,176.0
Ohio,Lawrence County,19,13.0,6.0
Ohio,Licking County,151,73.0,78.0
Ohio,Logan County,2,2.0,
Ohio,Lorain County,197,61.0,136.0
Ohio,Lucas County,124,54.0,70.0
Ohio,Madison County,53,30.0,23.0
Ohio,Mahoning County,4823,2992.0,1831.0
Ohio,Marion County,210,151.0,59.0
Ohio,Medina County,74,33.0,41.0
Ohio,Meigs County,4,,4.0
Ohio,Mercer County,26,17.0,9.0
Ohio,Miami County,270,160.0,110.0
Ohio,Monroe County,17,8.0,9.0
Ohio,Montgomery County,1159,670.0,489.0
Ohio,Morgan County,2,,2.0
Ohio,Morrow County,51,20.0,31.0
Ohio,Muskingum County,55,34.0,21.0
Ohio,Noble County,43,23.0,20.0
Ohio,Paulding County,11,6.0,5.0
Ohio,Perry County,1,,1.0
Ohio,Pickaway County,925,460.0,465.0
Ohio,Pike County,1,1.0,
Ohio,Portage County,51,22.0,29.0
Ohio,Putnam County,48,37.0,11.0
Ohio,Richland County,78,35.0,43.0
Ohio,Ross County,59,25.0,34.0
Ohio,Sandusky County,60,35.0,25.0
Ohio,Scioto County,82,53.0,29.0
Ohio,Seneca County,71,41.0,30.0
Ohio,Shelby County,84,50.0,34.0
Ohio,Stark County,285,131.0,154.0
Ohio,Summit County,170,78.0,92.0
Ohio,Trumbull County,89,54.0,35.0
Ohio,Tuscarawas County,209,121.0,88.0
Ohio,Union County,38,12.0,26.0
Ohio,Van Wert County,4,4.0,
Ohio,Vinton County,2,2.0,
Ohio,Warren County,358,222.0,136.0
Ohio,Washington County,21,12.0,9.0
Ohio,Wayne County,144,85.0,59.0
Ohio,Williams County,153,103.0,50.0
Ohio,Wood County,67,31.0,36.0
Ohio,Wyandot County,43,23.0,20.0
Oklahoma,Adair County,39,1.0,38.0
Oklahoma,Alfalfa County,14,4.0,10.0
Oklahoma,All,20214,10513.0,9701.0
Oklahoma,Atoka County,29,9.0,20.0
Oklahoma,Beaver County,54,9.0,45.0
Oklahoma,Beckham County,98,10.0,88.0
Oklahoma,Blaine County,4,1.0,3.0
Oklahoma,Bryan County,61,24.0,37.0
Oklahoma,Caddo County,215,70.0,145.0
Oklahoma,Canadian County,289,90.0,199.0
Oklahoma,Carter County,208,101.0,107.0
Oklahoma,Cherokee County,129,1.0,128.0
Oklahoma,Cimarron County,3,1.0,2.0
Oklahoma,Cleveland County,1298,456.0,842.0
Oklahoma,Comanche County,172,70.0,102.0
Oklahoma,Cotton County,83,42.0,41.0
Oklahoma,Craig County,32,6.0,26.0
Oklahoma,Creek County,48,1.0,47.0
Oklahoma,Custer County,43,13.0,30.0
Oklahoma,Delaware County,24,,24.0
Oklahoma,Dewey County,5,1.0,4.0
Oklahoma,Ellis County,12,5.0,7.0
Oklahoma,Garfield County,337,70.0,267.0
Oklahoma,Garvin County,181,107.0,74.0
Oklahoma,Grady County,158,52.0,106.0
Oklahoma,Greer County,16,7.0,9.0
Oklahoma,Harper County,10,,10.0
Oklahoma,Haskell County,30,7.0,23.0
Oklahoma,Hughes County,5,,5.0
Oklahoma,Jackson County,40,12.0,28.0
Oklahoma,Jefferson County,4,3.0,1.0
Oklahoma,Kay County,60,3.0,57.0
Oklahoma,Kingfisher County,10,,10.0
Oklahoma,Latimer County,6,3.0,3.0
Oklahoma,Le Flore County,124,22.0,102.0
Oklahoma,Lincoln County,1,,1.0
Oklahoma,Logan County,72,2.0,70.0
Oklahoma,Love County,24,13.0,11.0
Oklahoma,Marshall County,9,3.0,6.0
Oklahoma,Mayes County,9,,9.0
Oklahoma,McClain County,79,31.0,48.0
Oklahoma,McCurtain County,20,8.0,12.0
Oklahoma,Muskogee County,297,63.0,234.0
Oklahoma,Noble County,16,,16.0
Oklahoma,Okfuskee County,18,7.0,11.0
Oklahoma,Oklahoma County,7758,3553.0,4205.0
Oklahoma,Okmulgee County,6,,6.0
Oklahoma,Osage County,36,9.0,27.0
Oklahoma,Ottawa County,15,1.0,14.0
Oklahoma,Payne County,142,37.0,105.0
Oklahoma,Pittsburg County,54,15.0,39.0
Oklahoma,Pottawatomie County,77,30.0,47.0
Oklahoma,Rogers County,22,,22.0
Oklahoma,Seminole County,8,3.0,5.0
Oklahoma,Sequoyah County,7,,7.0
Oklahoma,Stephens County,54,7.0,47.0
Oklahoma,Texas County,131,31.0,100.0
Oklahoma,Tillman County,7,1.0,6.0
Oklahoma,Tulsa County,7326,5457.0,1869.0
Oklahoma,Wagoner County,36,,36.0
Oklahoma,Washington County,21,,21.0
Oklahoma,Woods County,16,5.0,11.0
Oklahoma,Woodward County,112,36.0,76.0
Oregon,All,26069,19813.0,6256.0
Oregon,Baker County,33,24.0,9.0
Oregon,Benton County,72,51.0,21.0
Oregon,Clackamas County,2660,1949.0,711.0
Oregon,Clatsop County,113,96.0,17.0
Oregon,Columbia County,123,34.0,89.0
Oregon,Coos County,114,99.0,15.0
Oregon,Crook County,17,13.0,4.0
Oregon,Curry County,47,32.0,15.0
Oregon,Deschutes County,581,490.0,91.0
Oregon,Douglas County,294,233.0,61.0
Oregon,Grant County,21,12.0,9.0
Oregon,Harney County,22,14.0,8.0
Oregon,Hood River County,3,2.0,1.0
Oregon,Jackson County,926,719.0,207.0
Oregon,Jefferson County,359,274.0,85.0
Oregon,Josephine County,105,63.0,42.0
Oregon,Klamath County,376,323.0,53.0
Oregon,Lake County,60,37.0,23.0
Oregon,Lane County,550,357.0,193.0
Oregon,Lincoln County,259,226.0,33.0
Oregon,Linn County,402,337.0,65.0
Oregon,Malheur County,512,340.0,172.0
Oregon,Marion County,5111,4160.0,951.0
Oregon,Multnomah County,3759,2402.0,1357.0
Oregon,Polk County,279,219.0,60.0
Oregon,Tillamook County,163,133.0,30.0
Oregon,Umatilla County,1287,1055.0,232.0
Oregon,Union County,32,21.0,11.0
Oregon,Wasco County,832,697.0,135.0
Oregon,Washington County,4821,4202.0,619.0
Oregon,Yamhill County,2136,1199.0,937.0
Pennsylvania,Adams County,391,239.0,152.0
Pennsylvania,All,36906,16936.0,19970.0
Pennsylvania,Allegheny County,432,132.0,300.0
Pennsylvania,Bedford County,17,11.0,6.0
Pennsylvania,Berks County,684,497.0,187.0
Pennsylvania,Blair County,14,4.0,10.0
Pennsylvania,Bradford County,46,28.0,18.0
Pennsylvania,Bucks County,1065,780.0,285.0
Pennsylvania,Butler County,26,13.0,13.0
Pennsylvania,Cambria County,513,155.0,358.0
Pennsylvania,Carbon County,13,7.0,6.0
Pennsylvania,Centre County,8787,4150.0,4637.0
Pennsylvania,Chester County,1395,1081.0,314.0
Pennsylvania,Clarion County,1,,1.0
Pennsylvania,Clearfield County,67,29.0,38.0
Pennsylvania,Clinton County,94,37.0,57.0
Pennsylvania,Columbia County,53,25.0,28.0
Pennsylvania,Crawford County,13,4.0,9.0
Pennsylvania,Cumberland County,1379,410.0,969.0
Pennsylvania,Dauphin County,397,242.0,155.0
Pennsylvania,Delaware County,603,384.0,219.0
Pennsylvania,Elk County,5,3.0,2.0
Pennsylvania,Erie County,105,35.0,70.0
Pennsylvania,Fayette County,63,10.0,53.0
Pennsylvania,Forest County,62,14.0,48.0
Pennsylvania,Franklin County,387,301.0,86.0
Pennsylvania,Greene County,26,4.0,22.0
Pennsylvania,Huntingdon County,67,19.0,48.0
Pennsylvania,Indiana County,34,17.0,17.0
Pennsylvania,Jefferson County,2,,2.0
Pennsylvania,Juniata County,4,4.0,
Pennsylvania,Lackawanna County,618,284.0,334.0
Pennsylvania,Lancaster County,248,154.0,94.0
Pennsylvania,Lawrence County,15,6.0,9.0
Pennsylvania,Lebanon County,93,68.0,25.0
Pennsylvania,Lehigh County,460,281.0,179.0
Pennsylvania,Luzerne County,422,219.0,203.0
Pennsylvania,Lycoming County,87,37.0,50.0
Pennsylvania,McKean County,1371,559.0,812.0
Pennsylvania,Mercer County,49,25.0,24.0
Pennsylvania,Mifflin County,17,8.0,9.0
Pennsylvania,Monroe County,260,132.0,128.0
Pennsylvania,Montgomery County,1774,1261.0,513.0
Pennsylvania,Montour County,1,1.0,
Pennsylvania,Northampton County,277,163.0,114.0
Pennsylvania,Northumberland County,84,34.0,50.0
Pennsylvania,Perry County,22,11.0,11.0
Pennsylvania,Philadelphia County,4591,2961.0,1630.0
Pennsylvania,Pike County,94,37.0,57.0
Pennsylvania,Potter County,3,1.0,2.0
Pennsylvania,Schuylkill County,952,284.0,668.0
Pennsylvania,Snyder County,15,4.0,11.0
Pennsylvania,Somerset County,128,42.0,86.0
Pennsylvania,Susquehanna County,35,22.0,13.0
Pennsylvania,Tioga County,4,3.0,1.0
Pennsylvania,Union County,6527,1012.0,5515.0
Pennsylvania,Warren County,4,,4.0
Pennsylvania,Washington County,23,10.0,13.0
Pennsylvania,Wayne County,1155,291.0,864.0
Pennsylvania,Westmoreland County,77,29.0,48.0
Pennsylvania,Wyoming County,8,5.0,3.0
Pennsylvania,York County,747,357.0,390.0
Puerto Rico,Aguadillo County,24,13.0,11.0
Puerto Rico,All,1582,838.0,744.0
Puerto Rico,Arecibo County,35,28.0,7.0
Puerto Rico,Cidra County,491,386.0,105.0
Puerto Rico,Guayama County,20,11.0,9.0
Puerto Rico,Guaynabo County,96,54.0,42.0
Puerto Rico,Ponce County,89,53.0,36.0
Puerto Rico,Rio Grande County,11,10.0,1.0
Puerto Rico,San Juan County,785,262.0,523.0
Puerto Rico,Vega Alta County,31,21.0,10.0
Rhode Island,All,2296,355.0,1941.0
Rhode Island,Providence County,2296,355.0,1941.0
South Carolina,Abbeville County,28,3.0,25.0
South Carolina,Aiken County,382,205.0,177.0
South Carolina,All,16990,8788.0,8202.0
South Carolina,Allendale County,32,22.0,10.0
South Carolina,Anderson County,223,45.0,178.0
South Carolina,Bamberg County,3,1.0,2.0
South Carolina,Barnwell County,10,5.0,5.0
South Carolina,Beaufort County,940,235.0,705.0
South Carolina,Berkeley County,242,82.0,160.0
South Carolina,Charleston County,3561,2659.0,902.0
South Carolina,Cherokee County,86,10.0,76.0
South Carolina,Chester County,50,27.0,23.0
South Carolina,Chesterfield County,48,16.0,32.0
South Carolina,Clarendon County,67,29.0,38.0
South Carolina,Colleton County,43,8.0,35.0
South Carolina,Darlington County,89,29.0,60.0
South Carolina,Dillon County,15,3.0,12.0
South Carolina,Dorchester County,131,47.0,84.0
South Carolina,Edgefield County,662,205.0,457.0
South Carolina,Fairfield County,30,20.0,10.0
South Carolina,Florence County,133,49.0,84.0
South Carolina,Georgetown County,113,46.0,67.0
South Carolina,Greenville County,1237,501.0,736.0
South Carolina,Greenwood County,55,10.0,45.0
South Carolina,Hampton County,503,218.0,285.0
South Carolina,Horry County,1308,551.0,757.0
South Carolina,Jasper County,143,76.0,67.0
South Carolina,Kershaw County,29,12.0,17.0
South Carolina,Lancaster County,156,70.0,86.0
South Carolina,Laurens County,49,11.0,38.0
South Carolina,Lexington County,1583,1162.0,421.0
South Carolina,Marion County,9,3.0,6.0
South Carolina,Marlboro County,767,284.0,483.0
South Carolina,McCormick County,1,,1.0
South Carolina,Newberry County,219,71.0,148.0
South Carolina,Oconee County,116,34.0,82.0
South Carolina,Orangeburg County,74,34.0,40.0
South Carolina,Pickens County,71,26.0,45.0
South Carolina,Richland County,911,485.0,426.0
South Carolina,Saluda County,138,48.0,90.0
South Carolina,Spartanburg County,634,156.0,478.0
South Carolina,Sumter County,31,10.0,21.0
South Carolina,Union County,6,1.0,5.0
South Carolina,Williamsburg County,564,211.0,353.0
South Carolina,York County,1498,1068.0,430.0
South Dakota,Bon Homme County,64,33.0,31.0
South Dakota,Brown County,43,16.0,27.0
South Dakota,Brule County,5,4.0,1.0
South Dakota,Charles Mix County,16,9.0,7.0
South Dakota,Clay County,7,4.0,3.0
South Dakota,Fall River County,8,5.0,3.0
South Dakota,Faulk County,3,2.0,1.0
South Dakota,Grant County,14,8.0,6.0
South Dakota,Hughes County,42,24.0,18.0
South Dakota,Lawrence County,43,29.0,14.0
South Dakota,Marshall County,13,1.0,12.0
South Dakota,Meade County,47,34.0,13.0
South Dakota,Minnehaha County,8214,5510.0,2704.0
South Dakota,Pennington County,20,7.0,13.0
South Dakota,Roberts County,37,28.0,9.0
South Dakota,Tripp County,13,8.0,5.0
South Dakota,Union County,17,14.0,3.0
South Dakota,Yankton County,39,27.0,12.0
Tennessee,All,22651,10479.0,12172.0
Tennessee,Anderson County,50,11.0,39.0
Tennessee,Bedford County,267,73.0,194.0
Tennessee,Bledsoe County,20,4.0,16.0
Tennessee,Blount County,378,209.0,169.0
Tennessee,Bradley County,342,102.0,240.0
Tennessee,Campbell County,52,16.0,36.0
Tennessee,Cannon County,13,5.0,8.0
Tennessee,Carroll County,12,5.0,7.0
Tennessee,Carter County,30,4.0,26.0
Tennessee,Cheatham County,94,29.0,65.0
Tennessee,Claiborne County,11,,11.0
Tennessee,Clay County,2,,2.0
Tennessee,Cocke County,32,12.0,20.0
Tennessee,Coffee County,120,32.0,88.0
Tennessee,Crockett County,32,14.0,18.0
Tennessee,Cumberland County,71,19.0,52.0
Tennessee,Davidson County,7101,5217.0,1884.0
Tennessee,DeKalb County,93,30.0,63.0
Tennessee,Dickson County,123,18.0,105.0
Tennessee,Fentress County,13,4.0,9.0
Tennessee,Franklin County,85,29.0,56.0
Tennessee,Gibson County,31,15.0,16.0
Tennessee,Giles County,44,9.0,35.0
Tennessee,Grainger County,4,2.0,2.0
Tennessee,Greene County,59,18.0,41.0
Tennessee,Hamblen County,460,212.0,248.0
Tennessee,Hamilton County,1172,451.0,721.0
Tennessee,Hardeman County,15,10.0,5.0
Tennessee,Hawkins County,45,16.0,29.0
Tennessee,Henderson County,53,19.0,34.0
Tennessee,Hickman County,48,17.0,31.0
Tennessee,Houston County,22,8.0,14.0
Tennessee,Humphreys County,2,1.0,1.0
Tennessee,Jefferson County,109,53.0,56.0
Tennessee,Johnson County,37,12.0,25.0
Tennessee,Knox County,1775,591.0,1184.0
Tennessee,Lake County,83,13.0,70.0
Tennessee,Lauderdale County,72,25.0,47.0
Tennessee,Lawrence County,15,1.0,14.0
Tennessee,Lewis County,8,,8.0
Tennessee,Lincoln County,91,24.0,67.0
Tennessee,Loudon County,252,171.0,81.0
Tennessee,Macon County,99,29.0,70.0
Tennessee,Madison County,431,186.0,245.0
Tennessee,Marion County,34,7.0,27.0
Tennessee,Marshall County,22,5.0,17.0
Tennessee,Maury County,198,57.0,141.0
Tennessee,McMinn County,82,24.0,58.0
Tennessee,McNairy County,2,,2.0
Tennessee,Monroe County,17,4.0,13.0
Tennessee,Montgomery County,403,85.0,318.0
Tennessee,Moore County,8,1.0,7.0
Tennessee,Morgan County,49,7.0,42.0
Tennessee,Overton County,28,8.0,20.0
Tennessee,Perry County,4,3.0,1.0
Tennessee,Polk County,13,4.0,9.0
Tennessee,Putnam County,133,63.0,70.0
Tennessee,Rhea County,83,26.0,57.0
Tennessee,Roane County,36,15.0,21.0
Tennessee,Robertson County,402,114.0,288.0
Tennessee,Rutherford County,1248,277.0,971.0
Tennessee,Scott County,10,3.0,7.0
Tennessee,Sequatchie County,84,27.0,57.0
Tennessee,Sevier County,288,134.0,154.0
Tennessee,Shelby County,3885,1334.0,2551.0
Tennessee,Smith County,91,17.0,74.0
Tennessee,Stewart County,3,1.0,2.0
Tennessee,Sullivan County,68,16.0,52.0
Tennessee,Sumner County,508,151.0,357.0
Tennessee,Tipton County,91,39.0,52.0
Tennessee,Trousdale County,21,1.0,20.0
Tennessee,Unicoi County,22,10.0,12.0
Tennessee,Union County,18,6.0,12.0
Tennessee,Warren County,287,98.0,189.0
Tennessee,Washington County,227,93.0,134.0
Tennessee,Wayne County,48,12.0,36.0
Tennessee,White County,7,2.0,5.0
Tennessee,Williamson County,290,99.0,191.0
Tennessee,Wilson County,73,20.0,53.0
Texas,All,330632,177718.0,152914.0
Texas,Anderson County,1211,485.0,726.0
Texas,Andrews County,158,55.0,103.0
Texas,Angelina County,231,138.0,93.0
Texas,Aransas County,55,39.0,16.0
Texas,Archer County,11,8.0,3.0
Texas,Armstrong County,7,4.0,3.0
Texas,Atascosa County,271,151.0,120.0
Texas,Austin County,130,58.0,72.0
Texas,Bailey County,98,36.0,62.0
Texas,Bandera County,82,45.0,37.0
Texas,Bastrop County,1332,297.0,1035.0
Texas,Baylor County,1,,1.0
Texas,Bee County,2606,991.0,1615.0
Texas,Bell County,1862,419.0,1443.0
Texas,Bexar County,15823,8619.0,7204.0
Texas,Blanco County,121,76.0,45.0
Texas,Bosque County,117,52.0,65.0
Texas,Bowie County,449,94.0,355.0
Texas,Brazoria County,1457,1131.0,326.0
Texas,Brazos County,1449,1152.0,297.0
Texas,Brewster County,169,106.0,63.0
Texas,Brooks County,89,32.0,57.0
Texas,Brown County,29,6.0,23.0
Texas,Burleson County,52,31.0,21.0
Texas,Burnet County,453,122.0,331.0
Texas,Caldwell County,341,94.0,247.0
Texas,Calhoun County,35,20.0,15.0
Texas,Callahan County,13,1.0,12.0
Texas,Cameron County,6967,3298.0,3669.0
Texas,Camp County,58,42.0,16.0
Texas,Carson County,144,57.0,87.0
Texas,Cass County,20,3.0,17.0
Texas,Castro County,78,31.0,47.0
Texas,Chambers County,196,149.0,47.0
Texas,Cherokee County,98,65.0,33.0
Texas,Clay County,13,10.0,3.0
Texas,Cochran County,10,4.0,6.0
Texas,Coleman County,10,3.0,7.0
Texas,Collin County,2847,1735.0,1112.0
Texas,Collingsworth County,14,6.0,8.0
Texas,Colorado County,325,275.0,50.0
Texas,Comal County,1352,710.0,642.0
Texas,Comanche County,41,27.0,14.0
Texas,Concho County,12668,4685.0,7983.0
Texas,Cooke County,203,139.0,64.0
Texas,Coryell County,408,224.0,184.0
Texas,Crane County,18,3.0,15.0
Texas,Crockett County,8,4.0,4.0
Texas,Crosby County,10,4.0,6.0
Texas,Culberson County,5,3.0,2.0
Texas,Dallam County,183,68.0,115.0
Texas,Dallas County,20929,14792.0,6137.0
Texas,Dawson County,14,2.0,12.0
Texas,DeWitt County,20,9.0,11.0
Texas,Deaf Smith County,417,223.0,194.0
Texas,Delta County,4,2.0,2.0
Texas,Denton County,3928,2835.0,1093.0
Texas,Dickens County,46,25.0,21.0
Texas,Dimmit County,31,9.0,22.0
Texas,Donley County,9,6.0,3.0
Texas,Duval County,31,9.0,22.0
Texas,Eastland County,21,1.0,20.0
Texas,Ector County,1528,584.0,944.0
Texas,Edwards County,6,,6.0
Texas,El Paso County,3388,2356.0,1032.0
Texas,Ellis County,251,130.0,121.0
Texas,Erath County,36,20.0,16.0
Texas,Falls County,130,66.0,64.0
Texas,Fannin County,100,24.0,76.0
Texas,Fayette County,72,36.0,36.0
Texas,Fisher County,8,,8.0
Texas,Floyd County,2,2.0,
Texas,Fort Bend County,2171,1157.0,1014.0
Texas,Franklin County,31,15.0,16.0
Texas,Freestone County,242,93.0,149.0
Texas,Frio County,198,82.0,116.0
Texas,Gaines County,106,31.0,75.0
Texas,Galveston County,859,616.0,243.0
Texas,Garza County,9131,4358.0,4773.0
Texas,Gillespie County,362,204.0,158.0
Texas,Glasscock County,3,1.0,2.0
Texas,Goliad County,11,5.0,6.0
Texas,Gonzales County,706,429.0,277.0
Texas,Gray County,108,37.0,71.0
Texas,Grayson County,388,174.0,214.0
Texas,Gregg County,473,234.0,239.0
Texas,Grimes County,50,29.0,21.0
Texas,Guadalupe County,871,470.0,401.0
Texas,Hale County,134,38.0,96.0
Texas,Hall County,41,20.0,21.0
Texas,Hansford County,29,8.0,21.0
Texas,Hardeman County,5,2.0,3.0
Texas,Hardin County,55,37.0,18.0
Texas,Harris County,57751,46098.0,11653.0
Texas,Harrison County,323,194.0,129.0
Texas,Hartley County,4,,4.0
Texas,Haskell County,117,74.0,43.0
Texas,Hays County,837,250.0,587.0
Texas,Hemphill County,33,14.0,19.0
Texas,Henderson County,153,111.0,42.0
Texas,Hidalgo County,22373,8545.0,13828.0
Texas,Hill County,189,76.0,113.0
Texas,Hockley County,89,22.0,67.0
Texas,Hood County,171,123.0,48.0
Texas,Hopkins County,156,64.0,92.0
Texas,Houston County,39,22.0,17.0
Texas,Howard County,18102,8357.0,9745.0
Texas,Hudspeth County,191,116.0,75.0
Texas,Hunt County,152,108.0,44.0
Texas,Hutchinson County,60,27.0,33.0
Texas,Jack County,11,9.0,2.0
Texas,Jackson County,35,17.0,18.0
Texas,Jasper County,29,22.0,7.0
Texas,Jefferson County,3362,1870.0,1492.0
Texas,Jim Hogg County,17,1.0,16.0
Texas,Jim Wells County,8,4.0,4.0
Texas,Johnson County,291,180.0,111.0
Texas,Jones County,9,,9.0
Texas,Karnes County,77,35.0,42.0
Texas,Kaufman County,287,170.0,117.0
Texas,Kendall County,300,184.0,116.0
Texas,Kerr County,560,310.0,250.0
Texas,Kimble County,28,5.0,23.0
Texas,Kinney County,17,3.0,14.0
Texas,Kleberg County,18,3.0,15.0
Texas,La Salle County,42,2.0,40.0
Texas,Lamar County,86,56.0,30.0
Texas,Lamb County,46,15.0,31.0
Texas,Lampasas County,124,18.0,106.0
Texas,Lavaca County,36,13.0,23.0
Texas,Lee County,175,119.0,56.0
Texas,Leon County,64,31.0,33.0
Texas,Liberty County,626,420.0,206.0
Texas,Limestone County,236,121.0,115.0
Texas,Lipscomb County,11,2.0,9.0
Texas,Live Oak County,616,128.0,488.0
Texas,Llano County,45,17.0,28.0
Texas,Lubbock County,910,310.0,600.0
Texas,Lynn County,12,2.0,10.0
Texas,Madison County,51,29.0,22.0
Texas,Marion County,2,2.0,
Texas,Martin County,10,6.0,4.0
Texas,Mason County,13,3.0,10.0
Texas,Matagorda County,106,69.0,37.0
Texas,Maverick County,515,31.0,484.0
Texas,McCulloch County,15,2.0,13.0
Texas,McLennan County,2980,1034.0,1946.0
Texas,McMullen County,4,1.0,3.0
Texas,Medina County,236,118.0,118.0
Texas,Menard County,3,2.0,1.0
Texas,Midland County,1508,531.0,977.0
Texas,Milam County,63,36.0,27.0
Texas,Mills County,17,,17.0
Texas,Mitchell County,7,1.0,6.0
Texas,Montague County,27,14.0,13.0
Texas,Montgomery County,3722,2836.0,886.0
Texas,Moore County,202,53.0,149.0
Texas,Morris County,17,13.0,4.0
Texas,Motley County,1,,1.0
Texas,Nacogdoches County,541,411.0,130.0
Texas,Navarro County,182,126.0,56.0
Texas,Newton County,8,6.0,2.0
Texas,Nolan County,44,1.0,43.0
Texas,Nueces County,310,191.0,119.0
Texas,Ochiltree County,264,87.0,177.0
Texas,Oldham County,15,6.0,9.0
Texas,Orange County,121,76.0,45.0
Texas,Palo Pinto County,36,2.0,34.0
Texas,Panola County,104,66.0,38.0
Texas,Parker County,274,65.0,209.0
Texas,Parmer County,192,102.0,90.0
Texas,Pecos County,41,13.0,28.0
Texas,Polk County,526,241.0,285.0
Texas,Potter County,873,296.0,577.0
Texas,Presidio County,56,34.0,22.0
Texas,Rains County,11,7.0,4.0
Texas,Reagan County,18,2.0,16.0
Texas,Real County,9,,9.0
Texas,Red River County,41,30.0,11.0
Texas,Reeves County,22641,9646.0,12995.0
Texas,Refugio County,7,4.0,3.0
Texas,Roberts County,1,1.0,
Texas,Robertson County,19,13.0,6.0
Texas,Rockwall County,273,157.0,116.0
Texas,Runnels County,13,2.0,11.0
Texas,Rusk County,132,96.0,36.0
Texas,San Augustine County,18,11.0,7.0
Texas,San Jacinto County,31,22.0,9.0
Texas,San Patricio County,18,12.0,6.0
Texas,San Saba County,70,18.0,52.0
Texas,Schleicher County,4,1.0,3.0
Texas,Scurry County,44,12.0,32.0
Texas,Shackelford County,1,,1.0
Texas,Shelby County,83,56.0,27.0
Texas,Sherman County,25,14.0,11.0
Texas,Smith County,536,217.0,319.0
Texas,Somervell County,10,4.0,6.0
Texas,Starr County,1943,846.0,1097.0
Texas,Stephens County,17,1.0,16.0
Texas,Stonewall County,1,1.0,
Texas,Sutton County,8,1.0,7.0
Texas,Swisher County,9,2.0,7.0
Texas,Tarrant County,8439,5517.0,2922.0
Texas,Taylor County,1699,501.0,1198.0
Texas,Terrell County,10,6.0,4.0
Texas,Terry County,59,18.0,41.0
Texas,Throckmorton County,1,,1.0
Texas,Titus County,702,257.0,445.0
Texas,Tom Green County,846,101.0,745.0
Texas,Travis County,20396,9235.0,11161.0
Texas,Trinity County,16,13.0,3.0
Texas,Tyler County,35,20.0,15.0
Texas,Upshur County,67,26.0,41.0
Texas,Upton County,13,4.0,9.0
Texas,Uvalde County,79,15.0,64.0
Texas,Val Verde County,2212,414.0,1798.0
Texas,Van Zandt County,108,71.0,37.0
Texas,Victoria County,72,44.0,28.0
Texas,Walker County,28354,17667.0,10687.0
Texas,Waller County,357,276.0,81.0
Texas,Ward County,27,6.0,21.0
Texas,Washington County,348,281.0,67.0
Texas,Webb County,9389,539.0,8850.0
Texas,Wharton County,208,117.0,91.0
Texas,Wheeler County,31,10.0,21.0
Texas,Wichita County,140,82.0,58.0
Texas,Willacy County,2984,301.0,2683.0
Texas,Williamson County,3951,1033.0,2918.0
Texas,Wilson County,123,69.0,54.0
Texas,Winkler County,87,38.0,49.0
Texas,Wise County,136,76.0,60.0
Texas,Wood County,54,30.0,24.0
Texas,Yoakum County,54,9.0,45.0
Texas,Young County,36,,36.0
Texas,Zapata County,395,14.0,381.0
Texas,Zavala County,45,7.0,38.0
Utah,Beaver County,31,25.0,6.0
Utah,Box Elder County,121,84.0,37.0
Utah,Garfield County,13,8.0,5.0
Utah,Juab County,134,91.0,43.0
Utah,Kane County,36,24.0,12.0
Utah,Millard County,145,74.0,71.0
Utah,Salt Lake County,84257,62964.0,21293.0
Utah,Sanpete County,87,49.0,38.0
Utah,Sevier County,109,42.0,67.0
Utah,Uintah County,169,80.0,89.0
Utah,Wasatch County,128,74.0,54.0
Utah,Washington County,1,1.0,
Utah,Weber County,1,1.0,
Vermont,Addison County,17,5.0,12.0
Vermont,All,111,34.0,77.0
Vermont,Chittenden County,42,11.0,31.0
Vermont,Franklin County,16,4.0,12.0
Vermont,Orleans County,4,1.0,3.0
Vermont,Washington County,32,13.0,19.0
Virgin Islands,All,197,93.0,104.0
Virgin Islands,Saint Croix County,67,19.0,48.0
Virgin Islands,Saint Thomas County,130,74.0,56.0
Virginia,Accomack County,215,128.0,87.0
Virginia,Alexandria City,2048,1039.0,1009.0
Virginia,All,35146,24351.0,10795.0
Virginia,Amherst County,56,24.0,32.0
Virginia,Appomattox County,3,2.0,1.0
Virginia,Arlington County,1705,1379.0,326.0
Virginia,Bedford City,46,31.0,15.0
Virginia,Bland County,2,1.0,1.0
Virginia,Botetourt County,44,25.0,19.0
Virginia,Bristol City,49,26.0,23.0
Virginia,Brunswick County,25,18.0,7.0
Virginia,Campbell County,39,28.0,11.0
Virginia,Caroline County,10,7.0,3.0
Virginia,Charlotte County,35,19.0,16.0
Virginia,Charlottesville City,441,229.0,212.0
Virginia,Chesapeake City,425,286.0,139.0
Virginia,Chesterfield County,1768,1064.0,704.0
Virginia,Covington City,20,10.0,10.0
Virginia,Culpeper County,274,127.0,147.0
Virginia,Danville City,91,50.0,41.0
Virginia,Dickenson County,3,3.0,
Virginia,Fairfax City,6365,5073.0,1292.0
Virginia,Fauquier County,198,166.0,32.0
Virginia,Franklin County,85,60.0,25.0
Virginia,Fredericksburg City,1110,868.0,242.0
Virginia,Goochland County,9,7.0,2.0
Virginia,Halifax County,27,14.0,13.0
Virginia,Hampton City,87,50.0,37.0
Virginia,Hanover County,341,170.0,171.0
Virginia,Harrisonburg City,4,2.0,2.0
Virginia,Henry County,1,,1.0
Virginia,Lee County,1070,342.0,728.0
Virginia,Lexington City,85,45.0,40.0
Virginia,Loudoun County,1467,1255.0,212.0
Virginia,Lynchburg City,79,55.0,24.0
Virginia,Manassas City,6835,5772.0,1063.0
Virginia,Martinsville City,176,102.0,74.0
Virginia,Mecklenburg County,7,7.0,
Virginia,Middlesex County,25,20.0,5.0
Virginia,Montgomery County,157,99.0,58.0
Virginia,Newport News City,392,211.0,181.0
Virginia,Norfolk City,167,52.0,115.0
Virginia,Northampton County,79,53.0,26.0
Virginia,Orange County,203,93.0,110.0
Virginia,Patrick County,17,10.0,7.0
Virginia,Petersburg City,336,113.0,223.0
Virginia,Pittsylvania County,34,17.0,17.0
Virginia,Portsmouth City,104,49.0,55.0
Virginia,Prince Edward County,93,45.0,48.0
Virginia,Prince George County,213,134.0,79.0
Virginia,Pulaski County,372,229.0,143.0
Virginia,Richmond City,3582,2188.0,1394.0
Virginia,Richmond County,79,50.0,29.0
Virginia,Roanoke City,679,393.0,286.0
Virginia,Rockingham County,666,443.0,223.0
Virginia,Salem City,257,172.0,85.0
Virginia,Scott County,46,34.0,12.0
Virginia,Shenandoah County,105,67.0,38.0
Virginia,Southampton County,7,3.0,4.0
Virginia,Staunton City,175,81.0,94.0
Virginia,Suffolk City,57,36.0,21.0
Virginia,Tazewell County,18,9.0,9.0
Virginia,Virginia Beach City,855,471.0,384.0
Virginia,Washington County,68,49.0,19.0
Virginia,Williamsburg City,336,210.0,126.0
Virginia,Winchester City,813,429.0,384.0
Virginia,Wise County,2,1.0,1.0
Washington,Adams County,232,175.0,57.0
Washington,All,34167,26757.0,7410.0
Washington,Asotin County,11,6.0,5.0
Washington,Benton County,1695,1322.0,373.0
Washington,Chelan County,1817,1507.0,310.0
Washington,Clallam County,25,16.0,9.0
Washington,Clark County,1608,1233.0,375.0
Washington,Columbia County,2,2.0,
Washington,Cowlitz County,623,504.0,119.0
Washington,Ferry County,1,,1.0
Washington,Franklin County,3054,2524.0,530.0
Washington,Garfield County,10,8.0,2.0
Washington,Grant County,1089,849.0,240.0
Washington,Grays Harbor County,478,363.0,115.0
Washington,Island County,37,28.0,9.0
Washington,Jefferson County,21,12.0,9.0
Washington,King County,8266,6236.0,2030.0
Washington,Kitsap County,488,449.0,39.0
Washington,Kittitas County,245,185.0,60.0
Washington,Klickitat County,103,77.0,26.0
Washington,Lewis County,603,516.0,87.0
Washington,Lincoln County,10,8.0,2.0
Washington,Mason County,1304,841.0,463.0
Washington,Okanogan County,51,27.0,24.0
Washington,Pacific County,134,108.0,26.0
Washington,Pend Oreille County,5,3.0,2.0
Washington,Pierce County,2754,2277.0,477.0
Washington,San Juan County,20,15.0,5.0
Washington,Skagit County,300,249.0,51.0
Washington,Skamania County,26,22.0,4.0
Washington,Snohomish County,3319,2817.0,502.0
Washington,Spokane County,326,205.0,121.0
Washington,Stevens County,6,4.0,2.0
Washington,Thurston County,400,333.0,67.0
Washington,Wahkiakum County,4,4.0,
Washington,Walla Walla County,310,252.0,58.0
Washington,Whatcom County,266,206.0,60.0
Washington,Whitman County,17,14.0,3.0
Washington,Yakima County,4507,3360.0,1147.0
West Virginia,Barbour County,10,4.0,6.0
West Virginia,Braxton County,36,10.0,26.0
West Virginia,Cabell County,27,13.0,14.0
West Virginia,Doddridge County,24,11.0,13.0
West Virginia,Fayette County,1,1.0,
West Virginia,Greenbrier County,16,5.0,11.0
West Virginia,Hampshire County,9,4.0,5.0
West Virginia,Logan County,6,3.0,3.0
West Virginia,Marshall County,27,9.0,18.0
West Virginia,McDowell County,2,,2.0
West Virginia,Monongalia County,15,1.0,14.0
West Virginia,Ohio County,3,1.0,2.0
West Virginia,Preston County,9612,4401.0,5211.0
West Virginia,Raleigh County,33,17.0,16.0
West Virginia,Randolph County,22,10.0,12.0
Wisconsin,Adams County,9,5.0,4.0
Wisconsin,All,8470,5750.0,2720.0
Wisconsin,Ashland County,3,2.0,1.0
Wisconsin,Barron County,23,16.0,7.0
Wisconsin,Bayfield County,1,1.0,
Wisconsin,Brown County,479,354.0,125.0
Wisconsin,Buffalo County,9,7.0,2.0
Wisconsin,Calumet County,32,21.0,11.0
Wisconsin,Chippewa County,56,23.0,33.0
Wisconsin,Clark County,73,55.0,18.0
Wisconsin,Columbia County,60,43.0,17.0
Wisconsin,Crawford County,13,9.0,4.0
Wisconsin,Dane County,1066,817.0,249.0
Wisconsin,Dodge County,804,400.0,404.0
Wisconsin,Door County,15,14.0,1.0
Wisconsin,Douglas County,6,4.0,2.0
Wisconsin,Dunn County,31,27.0,4.0
Wisconsin,Eau Claire County,45,31.0,14.0
Wisconsin,Fond du Lac County,51,27.0,24.0
Wisconsin,Grant County,39,26.0,13.0
Wisconsin,Green County,43,33.0,10.0
Wisconsin,Green Lake County,13,8.0,5.0
Wisconsin,Iowa County,29,18.0,11.0
Wisconsin,Iron County,1,1.0,
Wisconsin,Jackson County,30,17.0,13.0
Wisconsin,Jefferson County,214,140.0,74.0
Wisconsin,Juneau County,44,32.0,12.0
Wisconsin,Kenosha County,321,239.0,82.0
Wisconsin,Kewaunee County,9,8.0,1.0
Wisconsin,La Crosse County,15,11.0,4.0
Wisconsin,Lafayette County,55,44.0,11.0
Wisconsin,Langlade County,8,5.0,3.0
Wisconsin,Lincoln County,17,8.0,9.0
Wisconsin,Manitowoc County,198,134.0,64.0
Wisconsin,Marathon County,120,76.0,44.0
Wisconsin,Marinette County,5,2.0,3.0
Wisconsin,Marquette County,149,56.0,93.0
Wisconsin,Milwaukee County,1795,1081.0,714.0
Wisconsin,Monroe County,72,54.0,18.0
Wisconsin,Oconto County,9,5.0,4.0
Wisconsin,Oneida County,9,6.0,3.0
Wisconsin,Outagamie County,347,274.0,73.0
Wisconsin,Ozaukee County,29,21.0,8.0
Wisconsin,Pepin County,4,2.0,2.0
Wisconsin,Pierce County,10,6.0,4.0
Wisconsin,Polk County,11,8.0,3.0
Wisconsin,Portage County,38,22.0,16.0
Wisconsin,Racine County,343,238.0,105.0
Wisconsin,Rock County,259,210.0,49.0
Wisconsin,Rusk County,5,3.0,2.0
Wisconsin,Sauk County,177,149.0,28.0
Wisconsin,Shawano County,11,7.0,4.0
Wisconsin,Sheboygan County,222,177.0,45.0
Wisconsin,St. Croix County,17,10.0,7.0
Wisconsin,Taylor County,44,32.0,12.0
Wisconsin,Trempealeau County,249,187.0,62.0
Wisconsin,Vernon County,3,3.0,
Wisconsin,Vilas County,5,5.0,
Wisconsin,Walworth County,271,215.0,56.0
Wisconsin,Washburn County,4,2.0,2.0
Wisconsin,Waukesha County,230,173.0,57.0
Wisconsin,Waupaca County,21,10.0,11.0
Wisconsin,Waushara County,17,7.0,10.0
Wisconsin,Winnebago County,136,95.0,41.0
Wisconsin,Wood County,46,34.0,12.0
Wyoming,Big Horn County,22,14.0,8.0
Wyoming,Crook County,8,5.0,3.0
Wyoming,Fremont County,29,22.0,7.0
Wyoming,Goshen County,36,18.0,18.0
Wyoming,Hot Springs County,5,2.0,3.0
Wyoming,Johnson County,18,6.0,12.0
Wyoming,Lincoln County,21,16.0,5.0
Wyoming,Natrona County,3,2.0,1.0
Wyoming,Niobrara County,3,2.0,1.0
Wyoming,Sheridan County,30,15.0,15.0
Wyoming,Teton County,13520,8400.0,5120.0
Wyoming,Washakie County,30,21.0,9.0
Wyoming,Weston County,6,3.0,3.0
